source_result_filename,line_number,B,x,pte_solution_id,bit_length_p,p,LP_congruence_ok,LP_minus_omega,LP_plus_omega,LP_minus_lpf,LP_plus_lpf,smooth_ok
size-12_28_508213394906208_to_526350390753968.txt,182,268435456,510796126391672,2,512,9355816148700659051640061440899400676699704943594616366140933205827791968821466084194144092358933402872320699667710483870980437363744475484988193779026749,False,36,30,113083273,238733063,True
size-6-squ_22_110680464442257309696_to_110680569995373576192.txt,3,4194304,110680538707706873685,45,387,255326028077003446605182284502323208364439137364542678592582729662254953233871646791069277123093570440198002891909137,False,30,15,3541957,1511569,True
size-6-squ_22_73786888333907984384_to_73786941110466117632.txt,37,4194304,73786935695806737495,57,371,3780618911274119777159501246137814718411377293808834452817072555546616681150189326459018852389224351588353704657,False,29,15,3538151,4058227,True
size-6-squ_22_73786888333907984384_to_73786941110466117632.txt,72,4194304,73786895599526592417,8,350,1247521900642773876765017436111869818298808027312968401465026221981425005210999254139033200731823663256961,False,28,12,3221941,1009483,True
size-6-squ_22_73786941110466117632_to_73786976294838206464.txt,31,4194304,73786941447948732976,0,376,114363775558153467387060732262992929127277693878146662435044467519662655360466065436144722812725532999203151504561,False,35,13,2348579,3220033,True
size-6-squ_22_74939897799445053440_to_74940038536933408768.txt,111,4194304,74939944751981924761,21,384,24600714170622799816088836092734294918071122448528500631523214880860080654749490140217212311032942985224695552198151,False,32,15,3785449,630911,True
size-6-squ_22_74939897799445053440_to_74940038536933408768.txt,123,4194304,74939927260394782495,13,352,6837396119636006794577478642351888631251014143709431359519495037492570854759274150588790252567568735660017,False,28,15,4124837,2419883,True
size-6-squ_22_74939897799445053440_to_74940038536933408768.txt,125,4194304,74940002038910021203,47,363,15644245912370048184105678458703601298106158106252701771865471080121679641070020256227893755563460616258623697,False,27,15,2155963,2712377,True
size-6-squ_22_74939897799445053440_to_74940038536933408768.txt,145,4194304,74940030877370203080,60,363,15644282033777940914854022852596567781151843301916578052800892865208600619737160059649248145809244884463207551,False,32,12,2923007,3288113,True
size-6-squ_22_74939897799445053440_to_74940038536933408768.txt,164,4194304,74939982689644756283,38,384,24600788894039040999592920911566878797656183300575242974345377299098940997899952194243795584346888880880475150460049,False,30,16,3726773,501593,True
size-6-squ_22_74939897799445053440_to_74940038536933408768.txt,176,4194304,74939987164928190464,40,368,300757955263513949599084334871389807987382688238170259120896930811169764456531683723357572456035627697270328321,False,32,12,1052329,2190607,True
size-6-squ_22_74939897799445053440_to_74940038536933408768.txt,205,4194304,74939958783471233179,27,371,4149222770709773314304972867603615732737731400010075787280597543722183467432381602822666062753107725541353190449,False,31,17,2606011,4017367,True
size-6-squ_22_74939897799445053440_to_74940038536933408768.txt,223,4194304,74939989736653381520,41,376,125514299867894293356024859363326910474710782587434571214719351752584637135299711638522815139883971312758222008257,False,33,13,1604719,741011,True
size-6-squ_23_73786976294838206464_to_73788102194745049088.txt,9,8388608,73787574432467083573,34,371,3780815277105142696006996545207378240922910789376537740433916629401345377375933903561161693011805130498521226951,False,30,13,6643057,4807679,True
size-6-squ_23_73786976294838206464_to_73788102194745049088.txt,52,8388608,73787644823906473460,38,351,3865408183606362756081805188338305787806492668277849298024808936706586392068504944500271040511883637749887,False,27,12,7933927,7430809,True
size-6-squ_23_73786976294838206464_to_73788102194745049088.txt,61,8388608,73787521683504743693,31,384,22416357628226144190694418133640414460513529607960614146509122401302577305690800239400341390784913517697001416929537,False,25,15,4732711,8213893,True
size-6-squ_23_73786976294838206464_to_73788102194745049088.txt,80,8388608,73787785579919686280,46,376,114371625799274949201834631580976454544194613164755104902272495273254249107363381979593080821748133417996625660191,False,30,16,3161131,2253169,True
size-6-squ_23_73786976294838206464_to_73788102194745049088.txt,108,8388608,73787205057542820928,13,357,201166241620306883876895653903583073751863596342128900348115592145385782702823598315721288379107520673254481,False,28,11,3191719,7495289,True
size-6-squ_23_73786976294838206464_to_73788102194745049088.txt,111,8388608,73787908745752770085,53,365,40065956928584842177471509486871600079648577859564473426500510133967979206538268326512467015792852954068599751,False,29,14,6841243,2927147,True
size-6-squ_23_73786976294838206464_to_73788102194745049088.txt,125,8388608,73787715244644157083,42,384,22416710449197504655309576952784533799420659309301668894533358785565638246021616637188791388722910311108196090894449,False,29,17,7880659,5328767,True
size-6-squ_23_73786976294838206464_to_73788102194745049088.txt,171,8388608,73787064362244822159,5,361,4384779633891307655407555291707950101230757051965378378501136367444020200092159965720774247733306236980317697,False,25,14,7006361,2342257,True
size-6-squ_23_73786976294838206464_to_73788102194745049088.txt,215,8388608,73787662531149710943,39,378,457481925779601479780486449088218460510100704093837980280666969674475565044521961733809013185025596467883334578887,False,30,16,6776443,6014357,True
size-6-squ_23_73786976294838206464_to_73788102194745049088.txt,217,8388608,73787451425695832045,27,364,26255399032371496161218644440402939295214655499585378937723871464781577297655148587338428702659831499909334801,False,25,13,7120537,3672499,True
size-6-squ_23_73786976294838206464_to_73788102194745049088.txt,225,8388608,73786994034604319746,1,356,77407031918437936249566117277321794234635913100990852421898819055556669837174114779254053596258718797112449,False,29,14,4678783,4669351,True
size-6-squ_23_73786976294838206464_to_73788102194745049088.txt,247,8388608,73788049581967748503,61,384,22417319886243955281987425920010061227397753933334336314862120017115890214685755675250064172776936486427835098634951,False,33,16,7492703,6861847,True
size-6_16_1099511627776_to_2199023255552.txt,15,65536,1700823874903,35,208,310810597005745680290951244579901832888789507763625666819335457,False,22,10,29399,39877,True
size-6_16_1099511627776_to_2199023255552.txt,51,65536,1735279242160,37,215,50881328186065437351149478665134828042617472366788216725152219537,False,20,12,41399,36523,True
size-6_16_1099511627776_to_2199023255552.txt,80,65536,1134034519240,2,220,1507193729026526120480829180859422781006445194160053699872292224799,False,22,12,51593,63727,True
size-6_16_1099511627776_to_2199023255552.txt,120,65536,1975965043426,51,209,764214546434117431031836393219277387585531982845517097038120199,False,20,12,55547,31657,True
size-6_16_1099511627776_to_2199023255552.txt,167,65536,1254489844083,9,229,541340353433316063215475312115803962806401487550091619976623786398449,False,24,13,34283,44111,True
size-6_16_1099511627776_to_2199023255552.txt,209,65536,1563834636421,27,231,2031479623281694081187581247529487130891591545814376904415271840157057,False,24,11,46703,21283,True
size-6_16_1099511627776_to_2199023255552.txt,224,65536,1323357125183,13,224,15224175569815289780740193557560403001105305494178780219444640760391,False,22,11,48091,10709,True
size-6_16_1099511627776_to_2199023255552.txt,295,65536,1546854210272,26,212,3400639617704817665351865870844166691985866987902675752044719647,False,23,9,44579,26209,True
size-6_16_1099511627776_to_2199023255552.txt,314,65536,1254801200746,9,221,2766056111433564489892488046895675670883043761130447464616577382049,False,22,12,48869,7247,True
size-6_16_1099511627776_to_2199023255552.txt,367,65536,2096800368346,58,226,60221828475663147324326020779936138542689937896134085497500848124449,False,23,13,43781,13441,True
size-6_16_1099511627776_to_2199023255552.txt,379,65536,1134649702775,2,222,6048424246852826151660743441867049263468218425667586974903812010961,False,23,12,44851,24547,True
size-6_16_1099511627776_to_2199023255552.txt,408,65536,1444012309840,20,214,16895365149861435177927568342978060911157314621992199433707062449,False,21,12,24821,26557,True
size-6_16_1099511627776_to_2199023255552.txt,454,65536,1272272737125,10,214,17783041972874697204337053273086449549916956993087243909481643551,False,21,12,65393,25321,True
size-6_16_1099511627776_to_2199023255552.txt,457,65536,1684661804016,34,208,253073554790738166004400608105507446818869264107795244758167071,False,23,10,57713,49801,True
size-6_16_1099511627776_to_2199023255552.txt,472,65536,1976786845773,51,220,1397800231015376592025173977889949721635863859895047471793954619391,False,25,10,43003,58153,True
size-6_16_1099511627776_to_2199023255552.txt,494,65536,1633229615451,31,216,79580782652546985837723448175902051648737014794544411144043153407,False,20,12,39499,42373,True
size-6_16_1099511627776_to_2199023255552.txt,496,65536,2148691860855,61,233,13668231819904839447586971505308605404977100667450710862999431127675911,False,26,12,64109,19387,True
size-6_16_1099511627776_to_2199023255552.txt,520,65536,1633306139431,31,231,2636774990352874774501065899931345107933105067041836246144989313603207,False,25,11,30013,48539,True
size-6_16_1099511627776_to_2199023255552.txt,559,65536,1959863123319,50,210,1539645817899380219603079459034085246793743802691182789298227199,False,21,11,59779,63179,True
size-6_16_1099511627776_to_2199023255552.txt,577,65536,1530380754880,25,223,9103500197923148460333091951165103677022159427680405215135824976801,False,24,11,57163,49939,True
size-6_16_1099511627776_to_2199023255552.txt,594,65536,1341375159344,14,210,947600143421256759400791166408519978846876223726979737135145799,False,23,12,22277,46643,True
size-6_16_1099511627776_to_2199023255552.txt,626,65536,1771035946255,39,208,341613201798521796317433639231382047820585163715732592073095297,False,20,11,48397,57809,True
size-6_16_1099511627776_to_2199023255552.txt,631,65536,1513293846592,24,218,281336221250217205740062531002951541374571642790615344733756657377,False,23,12,46727,9319,True
size-6_16_1099511627776_to_2199023255552.txt,643,65536,1925723707168,48,227,144555721332757099769322069524806598488255489301217858468582004145377,False,22,10,60017,24979,True
size-6_16_1099511627776_to_2199023255552.txt,652,65536,1272773587436,10,206,54581652723271918814093516582854729631175953064354022602335111,False,19,11,56891,11003,True
size-6_16_1099511627776_to_2199023255552.txt,701,65536,1461946750550,21,210,862306691616433367145914395664369084585656801771951377672868721,False,23,11,63241,14489,True
size-6_16_1099511627776_to_2199023255552.txt,764,65536,1376159244015,16,207,184534906500842287073256408495339218377669823476810890057326897,False,21,11,63929,26729,True
size-6_16_1099511627776_to_2199023255552.txt,766,65536,1874476365960,45,232,6024864970181031114437161578808678592446638234573087523626226644075007,False,23,12,52291,9677,True
size-6_16_1099511627776_to_2199023255552.txt,801,65536,1719948751801,36,227,133167050169952328302118882821598587833991805717509614178329200886559,False,16,21,22153,56269,True
size-6_16_1099511627776_to_2199023255552.txt,824,65536,1857461298535,44,210,1115796567210115199170015100205623989648809910357922362960384199,False,22,13,52951,25657,True
size-6_16_1099511627776_to_2199023255552.txt,858,65536,1307671342653,12,229,694479038217785292511303689779964254861613932879921846336889583441681,False,23,11,61583,57791,True
size-6_16_1099511627776_to_2199023255552.txt,884,65536,2166938636261,62,219,434114613812185646005660635376354912674035945007977640179622972191,False,22,10,58049,35617,True
size-6_16_1099511627776_to_2199023255552.txt,921,65536,1204693284080,6,212,5190322848326786475163166384987559262595581193841318224793900049,False,20,11,56543,33151,True
size-6_16_1099511627776_to_2199023255552.txt,926,65536,1153104749552,3,222,6663217494274927742532803529074414089740924706024620295798545438449,False,22,13,55333,5273,True
size-6_16_1099511627776_to_2199023255552.txt,1036,65536,1222155359896,7,221,2361402032439706048824123906339246094675232399972887075612566644999,False,22,11,63493,19973,True
size-6_16_1099511627776_to_2199023255552.txt,1050,65536,1772137065464,39,210,841492470092649496296787251299806256215521631885108222241488801,False,21,9,53299,17317,True
size-6_16_1099511627776_to_2199023255552.txt,1058,65536,1205036845614,6,212,5706162914025980100791769858892563420632040675218988642111772447,False,21,11,46591,36307,True
size-6_16_1099511627776_to_2199023255552.txt,1070,65536,1290950584448,11,223,13119857993968858028174346673225335729089447642685758481209141093761,False,24,10,32099,55849,True
size-6_16_1099511627776_to_2199023255552.txt,1134,65536,1548967658810,26,208,212721281077334084725245250620548053994131279234715274487651697,False,21,13,58687,36607,True
size-6_16_1099511627776_to_2199023255552.txt,1156,65536,1325601903503,13,207,147416159549477336570916913141286246645211094753643144894136449,False,20,14,43319,15859,True
size-6_16_1099511627776_to_2199023255552.txt,1157,65536,1858350065325,44,217,172699027162966233343673908281351109439033801318684701605414677041,False,24,11,40037,33343,True
size-6_16_1099511627776_to_2199023255552.txt,1182,65536,2150583327648,61,228,280420055710188674022191896113960135302730315223572781490668862114401,False,24,12,41959,14897,True
size-6_16_1099511627776_to_2199023255552.txt,1214,65536,1136670101008,2,206,100203787073399544043240108632755018069166058732600152712811249,False,19,12,46273,5807,True
size-6_16_1099511627776_to_2199023255552.txt,1246,65536,1721099083211,36,219,608865396711053777351879023595871123674503268898964685951783945441,False,22,11,61043,37181,True
size-6_16_1099511627776_to_2199023255552.txt,1268,65536,1257126699388,9,223,11187826553315319323161551029430799112941756638277211254760190889087,False,23,11,52103,58451,True
size-6_16_1099511627776_to_2199023255552.txt,1307,65536,1102514985220,0,205,27660743228128947223069447752269384220691117429183105026124999,False,22,10,20101,57781,True
size-6_16_1099511627776_to_2199023255552.txt,1314,65536,1480634797369,22,214,19634955448833111526893139896709203195319316067781528649837910817,False,23,10,34033,16493,True
size-6_16_1099511627776_to_2199023255552.txt,1346,65536,1136970843242,2,205,33270000313660119734091093522535349732973608454498602487781249,False,21,9,49921,40189,True
size-6_16_1099511627776_to_2199023255552.txt,1348,65536,2047900180123,55,218,309298228596848316140181095505504879503848753449665612290092700799,False,22,14,35449,16097,True
size-6_16_1099511627776_to_2199023255552.txt,1351,65536,1979163311955,51,233,8347516654882521267424203303077510765090246183785086718599272220319121,False,25,12,50581,64403,True
size-6_16_1099511627776_to_2199023255552.txt,1372,65536,1755793552425,38,219,686320154356766353098577858210202499859522172234386738257408993121,False,23,12,32569,50773,True
size-6_16_1099511627776_to_2199023255552.txt,1384,65536,2013619147867,53,214,16547344240466178748481046417761793954839829523223372549219184391,False,24,9,62581,49627,True
size-6_16_1099511627776_to_2199023255552.txt,1403,65536,1652753590495,32,208,225641534971946735274491195087148171431863009905478986158692049,False,20,13,63589,3557,True
size-6_16_1099511627776_to_2199023255552.txt,1449,65536,1446633760040,20,218,214702760888092734747987642926981375428886037956481589866271999999,False,22,11,62383,16231,True
size-6_16_1099511627776_to_2199023255552.txt,1534,65536,1842179914240,43,216,66363257231215296630953720673681154210819419267822215297955576577,False,21,11,65183,54311,True
size-6_16_1099511627776_to_2199023255552.txt,1543,65536,1876562216325,45,213,10840320294517863647589626670200591883569754575692689293507672191,False,24,9,57881,34583,True
size-6_16_1099511627776_to_2199023255552.txt,1550,65536,1481227739415,22,230,1466893294384233556743635886751592392056861369486398220295808631840199,False,22,12,52223,35129,True
size-6_16_1099511627776_to_2199023255552.txt,1574,65536,1550112757768,26,231,1926847071464706027133681592213584845181564707764485477556614029508607,False,22,11,61927,24917,True
size-6_16_1099511627776_to_2199023255552.txt,1648,65536,1876846044645,45,209,673176172853938870491926553337102797792176139480690456508192199,False,22,12,64579,64109,True
size-6_16_1099511627776_to_2199023255552.txt,1652,65536,2065925393372,56,228,220373427537233643263099095967651666446030909256134473058653823222271,False,23,11,57143,55057,True
size-6_16_1099511627776_to_2199023255552.txt,1664,65536,1773768816215,39,216,52883176074438384532658042677464128915323272468470813195121242887,False,24,10,27767,18691,True
size-6_16_1099511627776_to_2199023255552.txt,1719,65536,1241023643395,8,229,507396931933895583791448715785436181018380774539742577925330072796417,False,22,12,61967,61729,True
size-6_16_1099511627776_to_2199023255552.txt,1767,65536,1791295257715,40,219,773907597294230452908205480120645661214392695563922883790164160799,False,22,14,44983,26633,True
size-6_16_1099511627776_to_2199023255552.txt,1805,65536,1464806107882,21,223,6999907246673492992531689779218682125177358011811671138521133015777,False,23,11,62141,35407,True
size-6_16_1099511627776_to_2199023255552.txt,1808,65536,2186687989957,63,226,77469784904734026944730847400188059032052132418452434806125140133617,False,20,12,34211,49391,True
size-6_16_1099511627776_to_2199023255552.txt,1819,65536,1464838212530,21,214,18411118505657463788103996671634812922678204916467695171371349041,False,20,11,63397,12457,True
size-6_16_1099511627776_to_2199023255552.txt,1828,65536,1275714046760,10,206,55342628416473547851256920680865059782836290615388093211411249,False,23,11,10631,52733,True
size-6_16_1099511627776_to_2199023255552.txt,1874,65536,1533707893201,25,231,1807687769090246299160580518220174709543310615885715854096890271616799,False,23,11,62011,39019,True
size-6_16_1099511627776_to_2199023255552.txt,1875,65536,1310234921905,12,213,9428383361626315135773089114170689453135061397699152346874902791,False,23,12,42577,16091,True
size-6_16_1099511627776_to_2199023255552.txt,1883,65536,1825937538997,42,224,26261947921638794224677865621040660486796164502176869546760024764487,False,21,12,37277,24229,True
size-6_16_1099511627776_to_2199023255552.txt,1985,65536,1310486524032,12,222,3589275449799066852730137469795401198709011391316459378082239851457,False,20,13,53323,15359,True
size-6_16_1099511627776_to_2199023255552.txt,2023,65536,1344943829470,14,207,160801930789943162639612584800316377426744501947283448321998001,False,24,10,59971,46687,True
size-6_16_1099511627776_to_2199023255552.txt,2051,65536,1430957445431,19,230,1192416057025758953693424957508849810566433547180879267532530072918407,False,24,12,57737,10243,True
size-6_16_1099511627776_to_2199023255552.txt,2055,65536,1602871314135,29,225,48068809150326020687115416611751805011368578165644983129409671569377,False,23,11,63247,47287,True
size-6_16_1099511627776_to_2199023255552.txt,2060,65536,1946723488656,49,225,38568881647798581492059087057742873973523935989482707908080785553857,False,22,11,59971,57389,True
size-6_16_1099511627776_to_2199023255552.txt,2086,65536,1826474429360,42,217,155670494984224629265451112838668424796104939443143384687935939711,False,22,10,38011,28697,True
size-6_16_1099511627776_to_2199023255552.txt,2097,65536,1345134562981,14,210,1470478568803947887260420913582465519858659811767200907628059271,False,20,11,55933,35951,True
size-6_16_1099511627776_to_2199023255552.txt,2120,65536,1121626088190,1,207,175857559962125490027646071416179576428138673487565784233679999,False,21,11,33223,22861,True
size-6_16_1099511627776_to_2199023255552.txt,2146,65536,1190556622216,5,212,4835437424171742827356546110389045505612096709287310246278745631,False,22,10,59443,47017,True
size-6_16_1099511627776_to_2199023255552.txt,2150,65536,2101713645355,58,214,21394668962535661832078462051758543838192289689816494598629744049,False,21,11,55441,50291,True
size-6_16_1099511627776_to_2199023255552.txt,2178,65536,1482870393410,22,207,136508257155409104469758079339971387806573425779922779091584199,False,21,10,62873,64717,True
size-6_16_1099511627776_to_2199023255552.txt,2190,65536,1259440243453,9,229,554284714089568796039004333025630355679240460836029199495401351999441,False,23,13,53693,54133,True
size-6_16_1099511627776_to_2199023255552.txt,2259,65536,1534712300318,25,225,37036783839057006258840438849875442062691446180276251012543145787137,False,24,12,15959,27983,True
size-6_16_1099511627776_to_2199023255552.txt,2311,65536,1655161413250,32,224,14569798671289459638855194874278657022260613689946288320929631703551,False,21,11,64187,59029,True
size-6_16_1099511627776_to_2199023255552.txt,2312,65536,1998991914773,52,218,267541373827514951826126888418668048376870356683411981778557680199,False,22,12,52627,27763,True
size-6_16_1099511627776_to_2199023255552.txt,2342,65536,1672470863280,33,215,40784352561528493646521417602120291587381832533243674989447652241,False,21,10,55049,46073,True
size-6_16_1099511627776_to_2199023255552.txt,2368,65536,2153873564815,61,228,283004056009995577389891096664039714120252068495910428507392189964799,False,23,13,34267,41413,True
size-6_16_1099511627776_to_2199023255552.txt,2380,65536,1775692458720,39,224,22213548161925738831728845809998796683872970579462452232064009608497,False,24,11,36469,30593,True
size-6_16_1099511627776_to_2199023255552.txt,2399,65536,1380260746816,16,208,321250890668219836823318518693586151490848590053747674558387521,False,19,11,60539,15263,True
size-6_16_1099511627776_to_2199023255552.txt,2403,65536,1259925413530,9,207,108676437837118464971014848485077909718039459374480898759652127,False,22,10,51131,64037,True
size-6_16_1099511627776_to_2199023255552.txt,2435,65536,1242748066340,8,216,86294800599755349533290329923894748886677745232937515899453332607,False,20,10,31957,55439,True
size-6_16_1099511627776_to_2199023255552.txt,2440,65536,1431925172691,19,215,36144870309441078751992494220781266933681506337451449142918698049,False,21,12,45767,24917,True
size-6_16_1099511627776_to_2199023255552.txt,2446,65536,1758672533848,38,232,4109390283368714725462316007817675589055308897335314252999475221051847,False,24,11,42491,63929,True
size-6_16_1099511627776_to_2199023255552.txt,2450,65536,1156785418767,3,223,12325954881977345155437226458147157875468191880440420417016755114233,False,18,21,36523,57527,True
size-6_16_1099511627776_to_2199023255552.txt,2453,65536,1208475502003,6,229,432608062305880911581801572969440568796646332064419099695731681588401,False,26,10,11617,37783,True
size-6_16_1099511627776_to_2199023255552.txt,2584,65536,1208782076845,6,213,13080152243496002164437207433112694585317532870025275486692469937,False,21,10,63499,38557,True
size-6_16_1099511627776_to_2199023255552.txt,2596,65536,1982532632965,51,214,15072537586966942670950727525069311632682896057011802452512522367,False,21,11,40591,48787,True
size-6_16_1099511627776_to_2199023255552.txt,2601,65536,1604284318413,29,218,399368754056424114799190512507655721011833894235013270690421803007,False,24,9,47797,59957,True
size-6_16_1099511627776_to_2199023255552.txt,2650,65536,1913916704986,47,209,631070609798211337097086291220397060698372243083050385029548831,False,23,10,47779,28753,True
size-6_16_1099511627776_to_2199023255552.txt,2720,65536,1690598358850,34,226,66178067630181337892182630102750679930780222902561471402015826350591,False,24,11,42557,44269,True
size-6_16_1099511627776_to_2199023255552.txt,2799,65536,1295170171711,11,229,655584243186625219391267212467719533293582691652400885540725828217631,False,25,11,35153,29927,True
size-6_16_1099511627776_to_2199023255552.txt,2801,65536,1157576421657,3,216,56361700292373581032153014579553474106419742036633954065339003121,False,24,11,53087,26699,True
size-6_16_1099511627776_to_2199023255552.txt,2820,65536,1518862567152,24,218,287605327588231980655488881850598290885274556780890339980413766449,False,23,13,25867,21557,True
size-6_16_1099511627776_to_2199023255552.txt,2828,65536,1450141359730,20,222,6589818724946325303896996968041646854234484221825484744188280994311,False,24,12,58057,17471,True
size-6_16_1099511627776_to_2199023255552.txt,2854,65536,1123309288645,1,220,1423664096418629514565715554740554189563837565026277058386453059057,False,23,12,18553,39439,True
size-6_16_1099511627776_to_2199023255552.txt,2861,65536,1312582549128,12,229,710276194976573757542601113278584202064548765503631502439452677181951,False,24,12,23669,48991,True
size-6_16_1099511627776_to_2199023255552.txt,2872,65536,1106210882304,0,207,161845261771957011687354252657020382653324657832092205084035201,False,20,11,52259,58439,True
size-6_16_1099511627776_to_2199023255552.txt,2888,65536,1278263127798,10,208,385295556281192415958653930189395378545779075950083888221965761,False,22,10,53173,62723,True
size-6_16_1099511627776_to_2199023255552.txt,2931,65536,1123504329802,1,222,5700591570151868080038624266030866961161186185040776039192288144199,False,24,13,52529,63703,True
size-6_16_1099511627776_to_2199023255552.txt,2939,65536,1708306667000,35,209,675245025667055127107759094000101980788761894498322973183735201,False,21,9,51721,37223,True
size-6_16_1099511627776_to_2199023255552.txt,2948,65536,1364325726243,15,230,895727513016723123918564855655521105268773667955464968569648131989217,False,25,12,36551,40429,True
size-6_16_1099511627776_to_2199023255552.txt,2963,65536,1570822352136,27,223,10645691262943962057708178956304469904890386795449035234900043557407,False,24,9,41911,61547,True
size-6_16_1099511627776_to_2199023255552.txt,2984,65536,1106488076808,0,222,5201778487420479571229141059066145568137349039903740988552022909441,False,25,11,37783,40099,True
size-6_16_1099511627776_to_2199023255552.txt,3063,65536,1399116158363,17,230,1041813875233734317841923086858792397247535745084685214029507219738481,False,25,12,28403,41777,True
size-6_16_1099511627776_to_2199023255552.txt,3069,65536,1227078452018,7,207,158603035675169895595458171237659825096599855817228198028701857,False,21,13,29399,62047,True
size-6_16_1099511627776_to_2199023255552.txt,3082,65536,1639864396375,31,208,215287101527936001552483909939072792342302416901746193396393351,False,23,9,34949,40879,True
size-6_16_1099511627776_to_2199023255552.txt,3165,65536,1295995817572,11,223,13430526045964298282102638297462809549597835840549556607683299687111,False,25,9,43093,39313,True
size-6_16_1099511627776_to_2199023255552.txt,3230,65536,1193061872226,5,221,2043568655708862397848906835578994459540894365812732502716789735711,False,22,12,57389,35531,True
size-6_16_1099511627776_to_2199023255552.txt,3231,65536,1588611240513,28,218,376523285892104798229410671321686848672549111645561078124359838817,False,22,13,42019,23977,True
size-6_16_1099511627776_to_2199023255552.txt,3278,65536,1296260173010,11,221,3361742917743319114789259788574698438013982629280155447801082308807,False,21,13,54601,4987,True
size-6_16_1099511627776_to_2199023255552.txt,3300,65536,1691973619961,34,231,3258584811049910448806117960650408865820704405608319051089972778879431,False,25,11,54367,54121,True
size-6_16_1099511627776_to_2199023255552.txt,3351,65536,2018834512821,53,218,283876244372266222300666652169236827109338653438679361648257415431,False,21,10,46511,56479,True
size-6_16_1099511627776_to_2199023255552.txt,3356,65536,2018852290323,53,212,5979979562217981687723691976319462857627947114729912961832187201,False,20,11,48539,26293,True
size-6_16_1099511627776_to_2199023255552.txt,3366,65536,1795346068827,40,219,784467767201831290884834471991369389246629487505486749968128124999,False,21,13,34211,39199,True
size-6_16_1099511627776_to_2199023255552.txt,3376,65536,1984508395767,51,209,676220033974329328791275504435119806513621153680948835323302087,False,24,10,60607,54581,True
size-6_16_1099511627776_to_2199023255552.txt,3417,65536,1692281546098,34,208,301561203577315698766791251656039293987104671840382391717026311,False,23,10,26927,51287,True
size-6_16_1099511627776_to_2199023255552.txt,3432,65536,1279539737086,10,213,7451747042411650054169625969690435120350677779417904323105391057,False,24,11,65029,10909,True
size-6_16_1099511627776_to_2199023255552.txt,3514,65536,1228157135715,7,229,476640694592708651592389784473553523735437314922786787771750094118049,False,24,11,22193,61469,True
size-6_16_1099511627776_to_2199023255552.txt,3562,65536,1176607705250,4,205,34066685802908758524478590588967188107531911424961186694326151,False,23,9,46457,53549,True
size-6_16_1099511627776_to_2199023255552.txt,3572,65536,1434629976920,19,224,24712167056343179582316110679069502985749371015089382628411064059057,False,23,10,56171,31963,True
size-6_16_1099511627776_to_2199023255552.txt,3579,65536,1709909552455,35,215,42439891831220851316890181502242442233200087835148139444815306049,False,21,13,64997,59093,True
size-6_16_1099511627776_to_2199023255552.txt,3605,65536,1365884917618,15,206,83372805013197582068148090130600544951600519886843969791073799,False,23,13,17929,50923,True
size-6_16_1099511627776_to_2199023255552.txt,3667,65536,1813327486976,41,213,8825143508541270335120406071035786420868489040676981177210684417,False,19,12,61223,41611,True
size-6_16_1099511627776_to_2199023255552.txt,3713,65536,1366114790117,15,210,1613568722579672558610819310642115960672056220360363388120677191,False,24,9,53149,35837,True
size-6_16_1099511627776_to_2199023255552.txt,3717,65536,1538218263303,25,225,37547342492611990695392541249119045295145123727459426777936984082049,False,23,13,62011,31873,True
size-6_16_1099511627776_to_2199023255552.txt,3758,65536,1194276997485,5,213,12166205086393392763174977929974598917739574325640199697829202961,False,22,11,64747,16987,True
size-6_16_1099511627776_to_2199023255552.txt,3767,65536,1194299168905,5,216,67977444449402543685753129452937908099369112109879126814099757121,False,23,13,63853,24197,True
size-6_16_1099511627776_to_2199023255552.txt,3792,65536,1882422737448,45,211,2067190386503925172396213701915868941001070872078950286682812337,False,22,10,44839,53129,True
size-6_16_1099511627776_to_2199023255552.txt,3846,65536,1486973454991,22,230,1501366764466147600581773326634400383496810308752665757890980578445311,False,25,12,28793,10739,True
size-6_16_1099511627776_to_2199023255552.txt,3856,65536,1469894441080,21,230,1400826627352529795163370064330510533701923837832685228652246138158471,False,24,12,56437,12113,True
size-6_16_1099511627776_to_2199023255552.txt,3868,65536,1504283678145,23,211,3156817968041379534832004761264680896594743776367528297222116497,False,21,12,45979,62971,True
size-6_16_1099511627776_to_2199023255552.txt,3870,65536,1280681746465,10,213,8222228214673640843552548140275357496334540791726411002928327199,False,21,12,61559,15797,True
size-6_16_1099511627776_to_2199023255552.txt,3918,65536,1229208040032,7,210,856281696941644185440888212556634815876951539395602304890982911,False,22,10,41983,37571,True
size-6_16_1099511627776_to_2199023255552.txt,3922,65536,1366757732736,15,213,11068395658469294399454841674746746379054762421395884659404540737,False,21,11,22067,40429,True
size-6_16_1099511627776_to_2199023255552.txt,3928,65536,1435626831242,19,222,6203843465858148735417518822797048846348748150040328100170450423121,False,22,13,40591,20809,True
size-6_16_1099511627776_to_2199023255552.txt,3986,65536,1642275569506,31,224,13902331063349771539636090111446510410340306613951090389216819156767,False,21,11,45131,59447,True
size-6_16_1099511627776_to_2199023255552.txt,4014,65536,2089526389903,57,233,11559915684941197323597822489088867402444686896809801542255196126021631,False,22,13,43591,25171,True
size-6_16_1099511627776_to_2199023255552.txt,4032,65536,1487479490123,22,230,1504434973902783470148687611961411717627768338957707198071631143848257,False,24,11,60961,42043,True
size-6_16_1099511627776_to_2199023255552.txt,4038,65536,1195056290485,5,228,404573727699245590378475166603375904852333246460366553657835962358577,False,22,12,57223,45181,True
size-6_16_1099511627776_to_2199023255552.txt,4048,65536,1126202337568,1,215,47795234830257537404726966315521919879103995094725054944387805137,False,20,11,63277,23557,True
size-6_16_1099511627776_to_2199023255552.txt,4079,65536,1590842976957,28,208,249643768096630613257055820432297588162802282861285879426506481,False,21,10,63197,65257,True
size-6_16_1099511627776_to_2199023255552.txt,4134,65536,1814646642202,41,224,25302524194354551188658437553490600314573567690261333048180283170049,False,22,12,24593,62851,True
size-6_16_1099511627776_to_2199023255552.txt,4138,65536,1539369831296,25,231,1848099414107083470058903876818034990117326548949854180452590623931457,False,23,11,64747,38149,True
size-6_16_1099511627776_to_2199023255552.txt,4176,65536,1763159638535,38,232,4172701492806062503538769211104851940425107890662109730420467104599367,False,22,11,58601,29333,True
size-6_16_1099511627776_to_2199023255552.txt,4191,65536,2193204300836,63,210,1428940974116738867768960259486049820826291463881144915079779871,False,20,11,46489,14173,True
size-6_16_1099511627776_to_2199023255552.txt,4223,65536,1918087022901,47,225,35287531152344292068649242718360494395569151061921307101001059964551,False,22,11,61751,49199,True
size-6_16_1099511627776_to_2199023255552.txt,4246,65536,1195545339405,5,209,475028717820230855207443185189136903191441481806596822809741447,False,23,12,60289,33703,True
size-6_16_1099511627776_to_2199023255552.txt,4338,65536,1574327430368,27,225,43156061002203876525655066675792514481506590187827910756166030183457,False,23,11,59561,35809,True
size-6_16_1099511627776_to_2199023255552.txt,4351,65536,1281875058251,10,229,616228369564001611994431901467041821616873143273490727878298120061249,False,22,12,31751,64667,True
size-6_16_1099511627776_to_2199023255552.txt,4356,65536,1539890772240,25,225,37792961271977127806694886629343611053326426649319485960399300378449,False,22,13,35353,64621,True
size-6_16_1099511627776_to_2199023255552.txt,4376,65536,1178609898840,4,205,34415989623036328830845797047347104819366115968230214038055457,False,20,12,63727,11311,True
size-6_16_1099511627776_to_2199023255552.txt,4406,65536,1849700632945,43,216,74636433832256609073201596244008933092089703393555962586932888007,False,22,12,56359,19739,True
size-6_16_1099511627776_to_2199023255552.txt,4448,65536,1196009535000,5,223,8296201191018187438249024776865476945063321515833270952223999174001,False,22,11,65071,35221,True
size-6_16_1099511627776_to_2199023255552.txt,4466,65536,1436945924648,19,217,206218965182460565865727232011426648390667222453254110570854817791,False,26,11,37159,11821,True
size-6_16_1099511627776_to_2199023255552.txt,4475,65536,1643482183098,31,226,55854918852790093162672603934126727945362733455491271217143427912391,False,23,12,65393,10177,True
size-6_16_1099511627776_to_2199023255552.txt,4487,65536,1695112096050,34,215,44211245216736104510311847217470719207303951730598049916882067121,False,23,10,55339,42533,True
size-6_16_1099511627776_to_2199023255552.txt,4491,65536,1471495618590,21,208,275816484388233007391584798560028324086428827114589307440532337,False,23,11,63719,42979,True
size-6_16_1099511627776_to_2199023255552.txt,4528,65536,1178966584061,4,207,124763196191724722365786976310192990789672780842460829070400257,False,21,12,60353,11047,True
size-6_16_1099511627776_to_2199023255552.txt,4531,65536,1557635147266,26,207,183372491547032953829968515857038669185347112290299054930576711,False,22,10,30839,31723,True
size-6_16_1099511627776_to_2199023255552.txt,4593,65536,1316830068290,12,213,9716740779942517576947404583526320717410861516977360047306224449,False,21,12,54979,45613,True
size-6_16_1099511627776_to_2199023255552.txt,4663,65536,1661138145656,32,219,492176145721589436296412930508212826231446640941767560900594294817,False,22,11,40163,37963,True
size-6_16_1099511627776_to_2199023255552.txt,4665,65536,1144745826295,2,228,312551736567415347171348814298870510321849100784056201042450243959047,False,23,12,60427,20063,True
size-6_16_1099511627776_to_2199023255552.txt,4666,65536,1144754158570,2,222,6378885441805863143591358490740242120598035764294707543113290490887,False,23,12,61987,24953,True
size-6_16_1099511627776_to_2199023255552.txt,4674,65536,1351446115635,14,229,846174453615642659818284905102225271059589674131053137785639156309297,False,26,11,63803,39383,True
size-6_16_1099511627776_to_2199023255552.txt,4703,65536,1798882144336,40,219,793783960732715643600314498726424262918559227170752823147994157041,False,21,13,43711,18313,True
size-6_16_1099511627776_to_2199023255552.txt,4705,65536,1644033995612,31,226,55967535806486343921201004313642780516703453402705974347654950998527,False,23,12,25057,49057,True
size-6_16_1099511627776_to_2199023255552.txt,4709,65536,1213833276850,6,205,49261890562922998067504974622341677132093096577176391850620081,False,21,11,38449,6653,True
size-6_16_1099511627776_to_2199023255552.txt,4767,65536,1179513264936,4,212,4572486305260784933307754111638869459266294113560353159888665727,False,21,10,61151,20231,True
size-6_16_1099511627776_to_2199023255552.txt,4829,65536,2126025602496,59,226,65436848214400826931581387480055027556827355589666494383576414630049,False,24,11,60127,31391,True
size-6_16_1099511627776_to_2199023255552.txt,4841,65536,1128005358381,1,213,8637572459027492367324979910247438211035613550142930281346988657,False,21,13,39107,61819,True
size-6_16_1099511627776_to_2199023255552.txt,4920,65536,1110985575429,0,217,204997515310862553329520290924118207380359021914709817911541967551,False,22,21,42793,45737,True
size-6_16_1099511627776_to_2199023255552.txt,4966,65536,2040394412063,54,211,1960429060152949048922195678328103517358877968867486197733530081,False,20,13,60091,27073,True
size-6_16_1099511627776_to_2199023255552.txt,4978,65536,1180012101160,4,216,63241886957192643796726446371591938566210682182774592165619711249,False,21,12,39419,60887,True
size-6_16_1099511627776_to_2199023255552.txt,4981,65536,1438191067205,19,230,1229042852044441661202861782374496767246344211152593231974340645603521,False,25,12,18539,60497,True
size-6_16_1099511627776_to_2199023255552.txt,5025,65536,1816858359911,41,209,662821121724985362824728696475331736155826848841651629254556787,False,19,21,51893,51229,True
size-6_16_1099511627776_to_2199023255552.txt,5032,65536,1971728871198,50,227,166553819872835235606559964816134062545984278330787324229637466479361,False,23,12,57731,46831,True
size-6_16_1099511627776_to_2199023255552.txt,5058,65536,1283518790408,10,223,12673156840259894354352905102159053364630889482010570551009529675521,False,21,12,62989,64237,True
size-6_16_1099511627776_to_2199023255552.txt,5061,65536,2161039412096,61,226,72175127003324522057055080994946512979825346983881710681910035024449,False,21,12,58579,28277,True
size-6_16_1099511627776_to_2199023255552.txt,5087,65536,1644962515690,31,215,36921407216348341247166377774276553409041983585559095732988281249,False,21,11,44633,42979,True
size-6_16_1099511627776_to_2199023255552.txt,5106,65536,1197494810826,5,209,815935459456486686738519565940964158726875261354561357424786549,False,17,23,60107,49207,True
size-6_16_1099511627776_to_2199023255552.txt,5116,65536,1369612695946,15,222,4677330638125854863773441725705406965527653526027873048070550938449,False,23,14,20113,9811,True
size-6_16_1099511627776_to_2199023255552.txt,5138,65536,2092410443872,57,214,13652268952815820116328468460746671793454843926308428325725470001,False,19,13,42139,12763,True
size-6_16_1099511627776_to_2199023255552.txt,5151,65536,1524678786754,24,218,294276919037916233540712572665068646499477779885111049151960319999,False,24,10,41903,62549,True
size-6_16_1099511627776_to_2199023255552.txt,5174,65536,1249206301872,8,209,618199372165611451918075044427564874797388098798427544322073351,False,21,12,58309,50119,True
size-6_16_1099511627776_to_2199023255552.txt,5198,65536,1318243637496,12,213,8910653182228427635223093415872366422740768861535086768506356231,False,24,11,29641,50321,True
size-6_16_1099511627776_to_2199023255552.txt,5222,65536,1886180410743,45,232,6254129709026933993856500836819348644426724694303247145676754479580167,False,22,13,55661,37379,True
size-6_16_1099511627776_to_2199023255552.txt,5223,65536,1387145664960,16,206,91468629128601993654980208967247604647652810753337632946042049,False,20,11,64189,20431,True
size-6_16_1099511627776_to_2199023255552.txt,5238,65536,1559336166670,26,215,26790493927143730780340969761333091239404300256462590831984196127,False,20,11,56957,10333,True
size-6_16_1099511627776_to_2199023255552.txt,5296,65536,1163436431994,3,208,403440521299325479851260769635031883944793125023816930670680449,False,21,11,47797,29327,True
size-6_16_1099511627776_to_2199023255552.txt,5324,65536,1335712602771,13,229,788761393410762422612190341214972375945190805821473895931095547731537,False,25,12,58013,60149,True
size-6_16_1099511627776_to_2199023255552.txt,5339,65536,2179029987445,62,221,2507640613571658722266495694811843883586608401213725952724656581447,False,22,13,53939,14251,True
size-6_16_1099511627776_to_2199023255552.txt,5354,65536,1353090339125,14,210,1523438992426831827805450638200348265335334272978939835430495201,False,21,10,53693,24029,True
size-6_16_1099511627776_to_2199023255552.txt,5395,65536,1267190401792,9,223,11736069479358623125495904478949172555192107572536165696633298852097,False,23,10,64609,64013,True
size-6_16_1099511627776_to_2199023255552.txt,5423,65536,1714687210208,35,232,3530018280495855485596525840672313369566651237120402935101231431094449,False,26,13,59333,6961,True
size-6_16_1099511627776_to_2199023255552.txt,5499,65536,1301725013254,11,213,8261348401142270555798089837816470624611175945146865647861811199,False,25,11,60649,10529,True
size-6_16_1099511627776_to_2199023255552.txt,5539,65536,1198610706551,5,228,411847486416270066578817161818068448117488920379207715097053686753799,False,24,14,62323,15101,True
size-6_16_1099511627776_to_2199023255552.txt,5656,65536,1680926232449,33,215,42037234586221423091105313210840321724395373317013256771902516351,False,22,11,58411,22937,True
size-6_16_1099511627776_to_2199023255552.txt,5672,65536,1198914033317,5,205,45738835232866489449141864641329642230149889020549193980817799,False,21,10,54091,42923,True
size-6_16_1099511627776_to_2199023255552.txt,5673,65536,1801419283240,40,232,4746312701987024548908129344955465361109765370396369498121630972743199,False,26,10,27031,39569,True
size-6_16_1099511627776_to_2199023255552.txt,5716,65536,1612201050005,29,216,73627478153447457657572070568203000137050149540762665859778124999,False,21,11,56041,25409,True
size-6_16_1099511627776_to_2199023255552.txt,5737,65536,1457350364448,20,210,846167369689688662961072691595985593253529708441606477602974801,False,20,11,57991,53047,True
size-6_16_1099511627776_to_2199023255552.txt,5752,65536,2128519588975,59,210,1194003678422270829422836132191915197418012483250993271148026911,False,21,9,64019,39607,True
size-6_16_1099511627776_to_2199023255552.txt,5824,65536,1543537052301,25,231,1878321190742491214326288353978911022429132471086692325055077710674049,False,25,13,31231,21799,True
size-6_16_1099511627776_to_2199023255552.txt,5865,65536,1956687802380,49,210,864342892736936626119051672350249369344053257425720568375064607,False,22,11,59029,50893,True
size-6_16_1099511627776_to_2199023255552.txt,5873,65536,1836273752530,42,210,1041575936336938928058925201657167689685563550311621819128312327,False,22,11,61331,65071,True
size-6_16_1099511627776_to_2199023255552.txt,5880,65536,1302603409360,11,213,8294853123947952346543089759087638526869186169720654761996418401,False,22,11,62987,52511,True
size-6_16_1099511627776_to_2199023255552.txt,5888,65536,1113230109040,0,220,1348717821328812155091187727233757556498138205822391748567154951249,False,23,10,19157,57139,True
size-6_16_1099511627776_to_2199023255552.txt,5896,65536,1113250102825,0,215,44590517910780576058097223905158756348301038138142909682636362081,False,22,13,43889,44917,True
size-6_16_1099511627776_to_2199023255552.txt,5905,65536,1905191312213,46,232,6642002858498714801511448176119714815357158069685116775689380045394961,False,24,10,38993,65393,True
size-6_16_1099511627776_to_2199023255552.txt,5974,65536,1268586308430,9,223,11813852454490939770651032122270962522285612346994130447295363927441,False,24,12,47981,51673,True
size-6_16_1099511627776_to_2199023255552.txt,6029,65536,1544064510268,25,208,368179009168648687100489361313895997644586982886828172189914951,False,20,10,52937,56951,True
size-6_16_1099511627776_to_2199023255552.txt,6055,65536,2008858312968,52,210,843792373443697385137303597070235264437907130800713738430858449,False,20,12,57559,31181,True
size-6_16_1099511627776_to_2199023255552.txt,6067,65536,1113663579735,0,215,44689979536934240628098108386023968035114425166935499045739348177,False,20,12,51193,54413,True
size-6_16_1099511627776_to_2199023255552.txt,6078,65536,1130908968735,1,206,56837146782828800640233537372565413761733312648776792093124449,False,21,13,55343,16871,True
size-6_16_1099511627776_to_2199023255552.txt,6083,65536,1337521271940,13,213,10669557198444142054106700637789966394497989669634921063199999999,False,21,12,48871,11897,True
size-6_16_1099511627776_to_2199023255552.txt,6088,65536,1148034111965,2,213,9599607649594200324792555866647048699605973466532065348141191057,False,21,11,45343,35447,True
size-6_16_1099511627776_to_2199023255552.txt,6090,65536,1492514928985,22,218,258939411396712026229189020830228371567493206487329848324928342577,False,21,13,38891,60293,True
size-6_16_1099511627776_to_2199023255552.txt,6107,65536,1234404467755,7,210,878231918746307434970999968076432185130253221678108669720411249,False,22,10,54559,50753,True
size-6_16_1099511627776_to_2199023255552.txt,6134,65536,1286175479125,10,229,628736765702066422309072543249261202556480268246218077404425114704401,False,24,11,65407,17827,True
size-6_16_1099511627776_to_2199023255552.txt,6206,65536,1665063153250,32,219,499195101180428698263538923816835389808228932072934812766231501951,False,22,11,54941,23917,True
size-6_16_1099511627776_to_2199023255552.txt,6219,65536,1269184335133,9,229,580518043262398142339697989422096669222206537844548977644272387451249,False,25,10,58271,49919,True
size-6_16_1099511627776_to_2199023255552.txt,6266,65536,1114158602650,0,220,1355481328373818396553260607510149477315901628670880894068921188161,False,21,13,39829,30529,True
size-6_16_1099511627776_to_2199023255552.txt,6358,65536,2095773316112,57,221,1984960606875018076699399159691772319095886868564660635509723753697,False,21,10,59753,33029,True
size-6_16_1099511627776_to_2199023255552.txt,6360,65536,1458974710655,20,225,27337450384655755371157380204546479498226564710502154229805134895751,False,24,12,51487,10487,True
size-6_16_1099511627776_to_2199023255552.txt,6374,65536,1631160706463,30,231,2616061863635613119588653833294829053921836522075355065109597629870111,False,22,14,59219,30103,True
size-6_16_1099511627776_to_2199023255552.txt,6384,65536,1872125852096,44,216,73104764100295889564583112190095603655582664622733131189204935841,False,24,10,52709,47681,True
size-6_16_1099511627776_to_2199023255552.txt,6418,65536,1269674742571,9,216,98138843343695747572650179399021244844446363950256045156699982321,False,25,11,50969,35401,True
size-6_16_1099511627776_to_2199023255552.txt,6421,65536,1459083851835,20,211,2395222230000991504435992464141405521310383534840224468168961151,False,21,11,64693,50647,True
size-6_16_1099511627776_to_2199023255552.txt,6440,65536,1407557666062,17,224,22042893491145693641149508303352238913247133508189822473613608975697,False,21,13,32057,9161,True
size-6_16_1099511627776_to_2199023255552.txt,6498,65536,1321467209978,12,208,247409211156720654196102014474887501929561779145759168032353521,False,24,11,41543,8963,True
size-6_16_1099511627776_to_2199023255552.txt,6508,65536,1717568735093,35,232,3565761239282072589517631732785085935919998077850678991063611851569777,False,22,11,60637,33413,True
size-6_16_1099511627776_to_2199023255552.txt,6520,65536,1579869130561,27,207,172146053142061038210989940820701512675885365292222350116675761,False,21,12,58049,26561,True
size-6_16_1099511627776_to_2199023255552.txt,6535,65536,1218207085325,6,214,13704129507509261690638490936543283434471058153788456630235911041,False,22,10,64157,55291,True
size-6_16_1099511627776_to_2199023255552.txt,6544,65536,1407883238928,17,206,99986090602022398854332967220717587612792862135090452026307697,False,20,11,34757,45403,True
size-6_16_1099511627776_to_2199023255552.txt,6550,65536,1356091125385,14,217,145686495414104437998926745723035639774167210386828274614589496897,False,22,11,16381,35753,True
size-6_16_1099511627776_to_2199023255552.txt,6620,65536,1580085373933,27,218,364560298724503533606610288259713325916491997804644515161026463871,False,23,10,62039,22643,True
size-6_16_1099511627776_to_2199023255552.txt,6639,65536,1184238780694,4,216,64613270935589863301522959660326931124998363825102450945008777937,False,23,11,37811,16763,True
size-6_16_1099511627776_to_2199023255552.txt,6777,65536,1443088270015,19,211,2460528837773002089067702776148979659413649592162773260416783297,False,22,13,37889,47431,True
size-6_16_1099511627776_to_2199023255552.txt,6792,65536,1322543094812,12,224,15168073258588832312211261426496641958200446808902518267197706600447,False,22,10,36901,44543,True
size-6_16_1099511627776_to_2199023255552.txt,6795,65536,1305378044226,11,213,9220618046670237485517191492432757699277801682521252228640298049,False,23,9,32561,33751,True
size-6_16_1099511627776_to_2199023255552.txt,6810,65536,1236666817795,7,216,83791950686119073605872243263604120384093749141481406356376188191,False,21,12,51263,52583,True
size-6_16_1099511627776_to_2199023255552.txt,6841,65536,1133509441027,1,215,49686328171477078995123559647095777688689683475034785916683059199,False,21,12,61291,14107,True
size-6_16_17592186044416_to_35184372088832.txt,6,65536,17592654639774,0,235,50341215831971006248522170688435612924448345432016947741222994947727457,False,26,10,42221,47951,True
size-6_16_17592186044416_to_35184372088832.txt,45,65536,19798693013832,8,240,1410929078039287843998350539780891730217333773085461954905019742995316511,False,25,14,54503,2753,True
size-6_16_17592186044416_to_35184372088832.txt,87,65536,17882608857505,1,228,362039248190336093798322707915332156310194768326402291553287944903297,False,21,11,56437,43313,True
size-6_16_17592186044416_to_35184372088832.txt,152,65536,18718766835475,4,240,1007742236826110132926779303125398774431077886601580799958241561698466591,False,24,13,60961,40763,True
size-6_16_17592186044416_to_35184372088832.txt,190,65536,33021651816621,56,236,60237963375867267283984071974408615114474500106521534846054296315726961,False,25,10,57119,52541,True
size-6_16_17592186044416_to_35184372088832.txt,215,65536,31926632124651,52,238,262895381477902059924522314320469545069473825539233382118075856467498977,False,23,11,53611,60887,True
size-6_16_17592186044416_to_35184372088832.txt,219,65536,20104417431560,9,247,187163165404063262383212965468793865188194236043854961686242118827673686017,False,25,14,36913,63803,True
size-6_16_17592186044416_to_35184372088832.txt,459,65536,32519458118257,54,244,27704215350797055163731419101941643068964380247778731248962203461100299601,False,26,14,64591,6389,True
size-6_16_17592186044416_to_35184372088832.txt,528,65536,19052682871080,5,252,6643613150845026711339209702318197291011224009680342389004920873080086141471,False,27,12,48733,31663,True
size-6_16_17592186044416_to_35184372088832.txt,535,65536,19878243051101,8,231,2866457423833349793814517408207045701424871097475456485643554481456497,False,22,12,29009,62873,True
size-6_16_17592186044416_to_35184372088832.txt,589,65536,24565253966435,25,240,921408635403752872576883405570602856397910125169684330027761163629407521,False,25,10,29989,56857,True
size-6_16_17592186044416_to_35184372088832.txt,606,65536,20443127348105,10,240,1709897421551840458772152953802906463251847976754646190743512568715973441,False,24,11,48353,63211,True
size-6_16_17592186044416_to_35184372088832.txt,632,65536,20173246926702,9,247,191040853735081614084973212479409574042873411581230082379564150371900198449,False,25,13,40289,31517,True
size-6_16_17592186044416_to_35184372088832.txt,642,65536,32554839816383,54,257,165333507862047674377560355775415342969243223292568000620944642160916194419999,False,26,14,42979,17029,True
size-6_16_17592186044416_to_35184372088832.txt,669,65536,24309309886160,24,239,865287653438506378764210271241736239988741136235111664177372170366902151,False,25,10,60961,54311,True
size-6_16_17592186044416_to_35184372088832.txt,678,65536,18809517694864,4,236,75197152525578853965915241948079899912254999712353037798625075979602881,False,23,11,48119,59567,True
size-6_16_17592186044416_to_35184372088832.txt,705,65536,20739615996367,11,230,880997458613388193268310997497033619222655821675254319688283029328097,False,23,10,64231,60811,True
size-6_16_17592186044416_to_35184372088832.txt,723,65536,27071078665441,34,255,54663932168164499553116973689241364241394473713490673707948481832604700002431,False,27,12,52069,47623,True
size-6_16_17592186044416_to_35184372088832.txt,763,65536,17999321614976,1,236,63369317827228645723652293057932628326067890621500200042556695965010049,False,23,12,44917,47059,True
size-6_16_17592186044416_to_35184372088832.txt,777,65536,32857650261235,55,237,111145388043728644252428481832564975240017589555630471804026137545604337,False,24,12,37447,31319,True
size-6_16_17592186044416_to_35184372088832.txt,795,65536,18555904234160,3,233,11121511491410489119431677429557191929399060734197655277013176902882951,False,24,13,57947,38567,True
size-6_16_17592186044416_to_35184372088832.txt,806,65536,27912620651796,37,232,6072163214035332744617642289318543635845949180579698597473925979045887,False,23,10,39667,57413,True
size-6_16_17592186044416_to_35184372088832.txt,819,65536,18009410161639,1,236,57933847577823039951796162661025139379849512613935446430411077491573041,False,24,12,52747,36097,True
size-6_16_17592186044416_to_35184372088832.txt,823,65536,22687888853658,18,248,386576935632237255784404418736031302182645653522689591804058299216372724871,False,25,14,59497,17569,True
size-6_16_17592186044416_to_35184372088832.txt,865,65536,22696304043952,18,234,22235884290554308003671916024985233041657983205094741670649319158244999,False,22,11,50849,55439,True
size-6_16_17592186044416_to_35184372088832.txt,896,65536,25454249348223,28,233,7389722730649512443403140153489689224638000003700677459440833052752497,False,22,11,65183,61651,True
size-6_16_17592186044416_to_35184372088832.txt,901,65536,17749134779755,0,233,7761174203106636716629503483443546646354620790902842025234779765261249,False,22,10,48623,37579,True
size-6_16_17592186044416_to_35184372088832.txt,910,65536,23252321764247,20,231,1749719106532930558814962625097924396466363479916596374520964698049607,False,23,11,48539,35149,True
size-6_16_17592186044416_to_35184372088832.txt,911,65536,20225146477571,9,240,1603378688663666548351362967271043353437851509907445089937705780077879071,False,24,10,50849,44701,True
size-6_16_17592186044416_to_35184372088832.txt,924,65536,17752061966213,0,252,4346706681792380609558489987645522283185516264950057674953610381714804716161,False,26,11,64237,60017,True
size-6_16_17592186044416_to_35184372088832.txt,956,65536,21887121896500,15,232,5107512720149480470150239657560862998233749923416516030326993594597151,False,26,11,51329,48239,True
size-6_16_17592186044416_to_35184372088832.txt,1012,65536,24924102654286,26,242,5615691492116231610419079139012393644212441929853955403813078655985144481,False,22,14,62501,60761,True
size-6_16_17592186044416_to_35184372088832.txt,1019,65536,19416397168901,6,238,224665615537841639484658235228191918759836495890772725635811485992470527,False,25,11,65141,21649,True
size-6_16_17592186044416_to_35184372088832.txt,1090,65536,34017341448304,59,241,2631101806944572534689630971570616742950987656459913439506605157784932049,False,23,13,64399,63397,True
size-6_16_17592186044416_to_35184372088832.txt,1112,65536,26042586248980,30,249,884252080776390099045491414347811981437238546155297726231287681998197507271,False,24,12,53959,37567,True
size-6_16_17592186044416_to_35184372088832.txt,1162,65536,34581943854578,61,236,79464640903178327631793950011941236377010001117385164032222230219142241,False,25,10,45541,20021,True
size-6_16_17592186044416_to_35184372088832.txt,1195,65536,21379877974988,13,232,4437198422801437362166434617512880535352927324016519996600031340201031,False,23,10,23539,32983,True
size-6_16_17592186044416_to_35184372088832.txt,1197,65536,34313963516888,60,234,20958735056150662153470983766168544204756082088031440810679217820919201,False,23,11,46271,18127,True
size-6_16_17592186044416_to_35184372088832.txt,1220,65536,17806881234317,0,232,5186217589909426608707375257326154540612797582711636958703465243904967,False,25,11,65309,41981,True
size-6_16_17592186044416_to_35184372088832.txt,1225,65536,26341293630582,31,250,946877987877381201862964837469769283774525883538499668624552435346839865761,False,25,13,62581,59497,True
size-6_16_17592186044416_to_35184372088832.txt,1245,65536,28822248585207,40,243,13429294890772843318971321614747912862498038941424924405334294007560621361,False,25,11,61469,51787,True
size-6_16_17592186044416_to_35184372088832.txt,1436,65536,26933365472256,33,240,1600547153367837017738109089457800780720770500027193478529387275807091457,False,24,10,60259,57097,True
size-6_16_17592186044416_to_35184372088832.txt,1455,65536,18675743644600,3,245,30066221703569470029445431546967087202301252566477949236309988664314000391,False,27,11,44971,57457,True
size-6_16_17592186044416_to_35184372088832.txt,1487,65536,20063108738984,8,230,1004491349346813167171482164236529925905666265749210896884093954224001,False,22,13,46153,40499,True
size-6_16_2199023255552_to_4398046511104.txt,2,65536,4260609853152,60,232,4238791321963036199710846328068977662842221848877109744823300830406449,False,23,11,60631,46559,True
size-6_16_2199023255552_to_4398046511104.txt,9,65536,2473951787664,8,218,389298587856612550608377298724512861193216597390332712570841492801,False,24,11,60727,11071,True
size-6_16_2199023255552_to_4398046511104.txt,31,65536,2267961397194,2,212,3697262857228766921797343686324485586794556470515785588194931199,False,20,11,55763,30427,True
size-6_16_2199023255552_to_4398046511104.txt,98,65536,2715150644800,15,236,55645632982147185442463430759112103766983830039800978485006011118701921,False,26,10,37987,55901,True
size-6_16_2199023255552_to_4398046511104.txt,103,65536,3883459325781,49,231,2430658786247166415249439057753068604208782294719729021032930460447007,False,24,10,54151,49547,True
size-6_16_2199023255552_to_4398046511104.txt,136,65536,3127747108295,27,224,21931878973676290134390599258983766180127020606204623868415900119617,False,23,11,27479,57503,True
size-6_16_2199023255552_to_4398046511104.txt,160,65536,2371900070015,5,222,4171232337145746478125345996626075002587730315840173191970741950449,False,23,10,22613,61381,True
size-6_16_2199023255552_to_4398046511104.txt,221,65536,3815523679802,47,231,2186433895419936940214137618058723824809159768603712146594059087964049,False,22,13,61879,56249,True
size-6_16_2199023255552_to_4398046511104.txt,223,65536,3987335447700,52,226,94141842768708121893165618784293397300396912109136547011770484944671,False,26,10,42461,27043,True
size-6_16_2199023255552_to_4398046511104.txt,276,65536,3506678453744,38,215,50517523040787951269119174201281873190787284003520665142350351249,False,24,12,42349,35969,True
size-6_16_2199023255552_to_4398046511104.txt,278,65536,2681914248045,14,216,60533095937323250993916552846125090596175838819531947375773087201,False,20,11,27917,48779,True
size-6_16_2199023255552_to_4398046511104.txt,281,65536,2716344144584,15,223,9410112225170819401773629204724497256617352759501113986713312734321,False,25,11,58711,37633,True
size-6_16_2199023255552_to_4398046511104.txt,297,65536,3747427652472,45,233,7850023672743911167832571314313495811799457842380591769843952175689041,False,23,14,65027,11173,True
size-6_16_2199023255552_to_4398046511104.txt,304,65536,3300759204000,32,218,321031291215597956137435570820161450339463065656181305870430596551,False,22,12,50591,56473,True
size-6_16_2199023255552_to_4398046511104.txt,334,65536,2269980524265,2,234,19002042720300103073713710483526661504280213366134699687357125064804999,False,22,11,40597,46831,True
size-6_16_2199023255552_to_4398046511104.txt,351,65536,4263343411152,60,232,4255134873828424549162369628037055522704322667277686134196245367364449,False,22,13,63377,40801,True
size-6_16_2199023255552_to_4398046511104.txt,353,65536,4091545659520,55,219,763216891004520671685269866212974047139433268896348866777755807841,False,22,12,33053,39233,True
size-6_16_2199023255552_to_4398046511104.txt,372,65536,3232558588506,30,229,808518314865472697556769945685146165157646622347441608216024171512417,False,24,12,63377,36587,True
size-6_16_2199023255552_to_4398046511104.txt,387,65536,3816904226736,47,217,143663053808526854797437419567417597972791201678342373851898086417,False,21,11,65089,18523,True
size-6_16_2199023255552_to_4398046511104.txt,402,65536,2854708161768,19,236,75168832302750642117642086329960420780438371190654376025977911203135007,False,23,13,55903,27581,True
size-6_16_2199023255552_to_4398046511104.txt,411,65536,3576533067253,40,216,97241351281483768320554843338966836042663730618025754965209590151,False,22,10,62297,38113,True
size-6_16_2199023255552_to_4398046511104.txt,437,65536,2545726617775,10,212,3494703520744536301631235463001115331939818912371166003404661791,False,22,12,57653,10607,True
size-6_16_2199023255552_to_4398046511104.txt,462,65536,3680051352320,43,231,1760089313066077901658485016991419683367999655975519849518207408409217,False,20,11,48397,63809,True
size-6_16_2199023255552_to_4398046511104.txt,472,65536,3577030816935,40,232,5937553198644891581716654873802667543171384176062417360458772041156817,False,21,11,44987,47111,True
size-6_16_2199023255552_to_4398046511104.txt,494,65536,4367638393792,63,232,4919166044510773548060712927592545193104525119850515144093001107780001,False,24,10,50329,56941,True
size-6_16_2199023255552_to_4398046511104.txt,502,65536,3371020590971,34,218,364277828944906498204247443514851863120335545614999864068438419999,False,23,11,34591,58393,True
size-6_16_2199023255552_to_4398046511104.txt,558,65536,2237159681708,1,212,5824510330286810579005467343626183103302449471787463151087352199,False,23,12,62723,38153,True
size-6_16_2199023255552_to_4398046511104.txt,566,65536,2821458454584,18,223,11817565326093943272898697623082757171043163205729275792805802132321,False,23,9,24671,42473,True
size-6_16_2199023255552_to_4398046511104.txt,582,65536,3887158657657,49,215,38191260482641538130109278349866256906442159564556581414640000799,False,22,13,36007,29009,True
size-6_16_2199023255552_to_4398046511104.txt,585,65536,3199740008267,29,218,266411186817699879520560777431764888514666155457269566656922669361,False,20,12,61519,35407,True
size-6_16_2199023255552_to_4398046511104.txt,670,65536,3819074371216,47,223,13009883932388225166853279292198585199183567976790650807542643444999,False,23,12,53527,60091,True
size-6_16_2199023255552_to_4398046511104.txt,753,65536,3304165390463,32,232,3688434628594313124998116912633948648223945095532558148766135724809607,False,21,12,14071,17093,True
size-6_16_2199023255552_to_4398046511104.txt,764,65536,2410532495584,6,212,5330210020188365481741582744953730414195059107695558178910027617,False,20,11,53323,57773,True
size-6_16_2199023255552_to_4398046511104.txt,782,65536,3132504731268,27,213,12130820323123812174198426205563304076063304134043916488955219999,False,21,12,47701,26921,True
size-6_16_2199023255552_to_4398046511104.txt,794,65536,2548308407095,10,213,7440091913737532708600019542561231108316566373746470632777447551,False,23,11,14627,51913,True
size-6_16_2199023255552_to_4398046511104.txt,869,65536,4095648318424,55,216,72693032548698505686246051224006544074838245555504474779966946897,False,20,12,40499,58613,True
size-6_16_2199023255552_to_4398046511104.txt,891,65536,3511496811260,38,222,3493782616921276460379414518118071334158613656396673873700670765767,False,23,13,49109,709,True
size-6_16_2199023255552_to_4398046511104.txt,998,65536,2308811915601,3,218,282275730579685231413960016844805000341827352647314196136904913799,False,22,14,64693,10301,True
size-6_16_2199023255552_to_4398046511104.txt,1014,65536,3752821270376,45,226,65438500931271834714897064478977000542528715779657151631494347491537,False,19,15,59707,19477,True
size-6_16_2199023255552_to_4398046511104.txt,1018,65536,2583972490736,11,219,554714507559649369866607823171014024774863004508502750098467328977,False,25,10,52313,50459,True
size-6_16_2199023255552_to_4398046511104.txt,1051,65536,2412374656352,6,215,32062110357266142294426596799963978567153707393435339006455176049,False,22,11,55249,65381,True
size-6_16_2199023255552_to_4398046511104.txt,1065,65536,2481137304448,8,211,2995329111702291563432319451365201838899243182312285615744634241,False,25,9,41149,55823,True
size-6_16_2199023255552_to_4398046511104.txt,1090,65536,4200265106002,58,234,15564373281607783609317194915928830987485731393312893827220092113779999,False,25,12,39181,33529,True
size-6_16_2199023255552_to_4398046511104.txt,1098,65536,2275048629051,2,234,19258018884938958321520148462913511552501128076845982081291313566780049,False,24,14,53381,37361,True
size-6_16_2199023255552_to_4398046511104.txt,1167,65536,2894390985178,20,230,1666535636071944365452649789470147725218477642517989476409711934625799,False,24,13,57899,20269,True
size-6_16_2199023255552_to_4398046511104.txt,1173,65536,2825586623125,18,228,360631109000085689669388362925234719647082763740128284175265111706751,False,22,13,49451,4889,True
size-6_16_2199023255552_to_4398046511104.txt,1193,65536,2378826331755,5,234,25167723063896168215443662899971644208694833248194928341926802778888801,False,24,12,51001,29663,True
size-6_16_2199023255552_to_4398046511104.txt,1208,65536,3204155620765,29,237,150296583722408903233938878300329653028995029129456860117458941188811249,False,22,13,47237,41999,True
size-6_16_2199023255552_to_4398046511104.txt,1211,65536,2378964879950,5,229,513806516181050009950501509751923667026015663360112454048868473742481,False,24,11,48857,39847,True
size-6_16_2199023255552_to_4398046511104.txt,1217,65536,3616901437184,41,225,52445242511124502313923272797108807256927501160270501585049264531201,False,22,13,58613,23131,True
size-6_16_2199023255552_to_4398046511104.txt,1270,65536,3892386188683,49,224,14582106469945367479781922369319348751120484106493734124138550150791,False,22,13,35447,14563,True
size-6_16_2199023255552_to_4398046511104.txt,1274,65536,3720548642104,44,218,234268745284938988261869960439518824112697512835564351219793520391,False,25,11,48673,26249,True
size-6_16_2199023255552_to_4398046511104.txt,1285,65536,4167475385923,57,227,122722533966515620237948768009879804440392076474383637530694602895871,False,21,11,36739,24077,True
size-6_16_2199023255552_to_4398046511104.txt,1311,65536,2379732463955,5,222,4254562075378366894588224137651820801064251348986298567634918417951,False,22,11,54973,13807,True
size-6_16_2199023255552_to_4398046511104.txt,1325,65536,4270964265945,60,220,1653585695923612016085011677786627582503925929263535268073351587967,False,21,12,58687,47653,True
size-6_16_2199023255552_to_4398046511104.txt,1350,65536,3205309143774,29,215,29463607030682258884822194553547108219658825542875787133826990001,False,20,11,62761,29191,True
size-6_16_2199023255552_to_4398046511104.txt,1404,65536,2793037003575,17,236,65936765700835348552552140492021000899465878533228615992619488766193031,False,25,13,51283,40927,True
size-6_16_2199023255552_to_4398046511104.txt,1428,65536,2346231076890,4,229,472820307428552624282133840379975880447247316392283893833966461124999,False,20,16,51263,36529,True
size-6_16_2199023255552_to_4398046511104.txt,1493,65536,2725200136121,15,236,56892879525862669766968278390103001896717881439431913903685361583133767,False,21,13,47123,14717,True
size-6_16_2199023255552_to_4398046511104.txt,1499,65536,3791140722425,46,222,5533012363182512768080157111793976179178436765061046264339731913921,False,25,10,24733,27283,True
size-6_16_2199023255552_to_4398046511104.txt,1516,65536,4272540314896,60,224,25505964070528461135029666095068286847889250241627355212311651672391,False,22,12,55051,50023,True
size-6_16_2199023255552_to_4398046511104.txt,1543,65536,2381397752000,5,229,516967283525193084764636233606467722133659069886027312732468200372801,False,22,15,52163,10559,True
size-6_16_2199023255552_to_4398046511104.txt,1545,65536,2278302304096,2,219,586398463609865932384945557965702045283521009068553878586730491201,False,22,11,55817,21313,True
size-6_16_2199023255552_to_4398046511104.txt,1612,65536,3723145789801,44,222,4963665016987146815597543443372191923849852384348682517389301146449,False,24,13,47717,11987,True
size-6_16_2199023255552_to_4398046511104.txt,1658,65536,3104545907505,26,237,124352929526014225676855985340886623793157235675662623109875806116990751,False,25,11,54517,39157,True
size-6_16_2199023255552_to_4398046511104.txt,1717,65536,2520275541923,9,220,1074515974780112624121973533140727761842919389940947464336348781249,False,22,9,54583,53453,True
size-6_16_2199023255552_to_4398046511104.txt,1729,65536,2761018843297,16,212,4904408238904090279361589421908412439928806897502123703118155777,False,22,10,27743,30203,True
size-6_16_2199023255552_to_4398046511104.txt,1794,65536,4343351975435,62,220,1666535072829685851249795338832816941217963192938429653602059345281,False,23,11,49499,18757,True
size-6_16_2199023255552_to_4398046511104.txt,1804,65536,2211240214134,0,217,198495644158852181011614665640397785078010465214675458191564768007,False,24,11,28859,34703,True
size-6_16_2199023255552_to_4398046511104.txt,1828,65536,4343611330795,62,240,932767160630693828388678778361691669248922386828219949548720735775273697,False,22,12,51343,49123,True
size-6_16_2199023255552_to_4398046511104.txt,1851,65536,2486597652011,8,216,58680988775925490706350551297553066254237472981069394706485065201,False,21,10,32533,38273,True
size-6_16_2199023255552_to_4398046511104.txt,1881,65536,4034517189402,53,231,3056052798396195298295009185545584575903762260673975556104096972536449,False,23,12,63761,43051,True
size-6_16_2199023255552_to_4398046511104.txt,1907,65536,4034705511421,53,239,599154123937135183394535114880542455583656774776846079536894470118607057,False,24,11,27883,65381,True
size-6_16_2199023255552_to_4398046511104.txt,1929,65536,3484723742535,37,232,5075531759601017843818970992530041308858533924960273876231205812662497,False,24,11,59453,51683,True
size-6_16_2199023255552_to_4398046511104.txt,1975,65536,2349865830426,4,227,119308072482685734623743755763964979347676261762048097872171310341121,False,23,12,31883,60601,True
size-6_16_2199023255552_to_4398046511104.txt,1995,65536,3347631499114,33,218,228954632388066266876367398803591798455307408796166761868392210887,False,21,13,51439,34649,True
size-6_16_2199023255552_to_4398046511104.txt,2028,65536,2315797481000,3,222,3613179323731371595851778026703113089125134754864522752070851633151,False,23,11,47623,56827,True
size-6_16_2199023255552_to_4398046511104.txt,2041,65536,4379606581805,63,225,29589343269647497405408323328002796988366249037054073710428989694449,False,25,11,28409,41017,True
size-6_16_2199023255552_to_4398046511104.txt,2082,65536,3244986794513,30,237,162160511742250500280375190780546111792294460601180942658273146922104351,False,26,10,57251,49003,True
size-6_16_2199023255552_to_4398046511104.txt,2083,65536,2419430362728,6,235,27857764507330640919186900717100429238002799310106380029941405283779871,False,23,14,29879,26309,True
size-6_16_2199023255552_to_4398046511104.txt,2087,65536,2350598254558,4,229,478125470101492681319876569058507686234186608452817501514246651112641,False,24,11,62417,15647,True
size-6_16_2199023255552_to_4398046511104.txt,2105,65536,4070623967210,54,217,123603933236015405334070153665675411559831840153939848737753500799,False,19,13,49391,10133,True
size-6_16_2199023255552_to_4398046511104.txt,2134,65536,2763720703304,16,215,39358391543320670475493448814070447448088679222905793254824218751,False,19,10,53617,47623,True
size-6_16_2199023255552_to_4398046511104.txt,2187,65536,2488853559020,8,212,6457470679375118285264723795224416932423075545848525236341323271,False,23,10,28879,24659,True
size-6_16_2199023255552_to_4398046511104.txt,2225,65536,2489021173063,8,222,5570030831370254142662454028743846225069809212206669362754562236097,False,23,10,37199,63247,True
size-6_16_2199023255552_to_4398046511104.txt,2269,65536,3865274848080,48,222,6214761888665883374063299167086811330878496255152924420212410489521,False,22,12,43271,45263,True
size-6_16_2199023255552_to_4398046511104.txt,2272,65536,3177453955170,28,229,729267781818504734430693033807200279826831542851318350887225791718687,False,22,13,59663,12149,True
size-6_16_2199023255552_to_4398046511104.txt,2285,65536,2695681267983,14,235,53294052846152950103528727737473995694971088407356567071374262198476799,False,26,12,25247,23873,True
size-6_16_2199023255552_to_4398046511104.txt,2312,65536,2902354488943,20,217,162844768906244215474412698941492309630791025377216704609052540881,False,24,11,44089,52289,True
size-6_16_2199023255552_to_4398046511104.txt,2350,65536,2386582851745,5,211,2045641305259205214513049104916850250129610787142872489666562049,False,24,11,40039,21313,True
size-6_16_2199023255552_to_4398046511104.txt,2387,65536,2524617557088,9,235,35961772751351569425723813454806501293374810994853389346095362885189361,False,23,12,63577,31393,True
size-6_16_2199023255552_to_4398046511104.txt,2404,65536,3763155540199,45,222,4822235900832943197196578483380343786863417632626327877244017722097,False,22,11,60607,48487,True
size-6_16_2199023255552_to_4398046511104.txt,2427,65536,4004019774832,52,216,63464976151139160974076026825226879671131348126560611522266876081,False,23,11,19319,61441,True
size-6_16_2199023255552_to_4398046511104.txt,2438,65536,3144181640663,27,237,134187872800108788158455840294818744011974772586051611832594985527776071,False,25,12,44273,51287,True
size-6_16_2199023255552_to_4398046511104.txt,2506,65536,4038940119305,53,223,8089965993821174461011916569369446929655649026281679284905760740481,False,23,12,48413,61261,True
size-6_16_2199023255552_to_4398046511104.txt,2531,65536,2938223851034,21,216,104672558538856597401131732463865291006109988080561476497004710881,False,21,13,59791,47417,True
size-6_16_2199023255552_to_4398046511104.txt,2607,65536,2629136663400,12,219,560808265719564570446966122406637816303111687722715303873157548031,False,23,10,53359,63629,True
size-6_16_2199023255552_to_4398046511104.txt,2622,65536,2526050310928,9,230,1336459233516240719039616548031833592985108420753156867217801733902623,False,15,23,58763,58601,True
size-6_16_2199023255552_to_4398046511104.txt,2727,65536,3524725977840,38,218,311943339541986788182313643509206746943628978249408152682855384647,False,25,11,62731,24419,True
size-6_16_2199023255552_to_4398046511104.txt,2740,65536,2733277269715,15,221,1748343913216050909688171842680416051120474272140172206737693803457,False,23,11,58943,36713,True
size-6_16_2199023255552_to_4398046511104.txt,2812,65536,2424082270805,6,235,28180690809627712373004274744704296926639948684568412506454439337796881,False,22,14,59981,19423,True
size-6_16_2199023255552_to_4398046511104.txt,2814,65536,2286389584661,2,219,598999039552518249448419866480360505440443627521509130809578022471,False,23,12,41609,22133,True
size-6_16_2199023255552_to_4398046511104.txt,2820,65536,2527451624126,9,219,485779653351777091987669307515930024990737124411539374341033279999,False,23,12,43271,6451,True
size-6_16_2199023255552_to_4398046511104.txt,2826,65536,4007000661958,52,218,365585460726130642907364821424241736521530582912335136804764274049,False,23,10,63907,64921,True
size-6_16_2199023255552_to_4398046511104.txt,2930,65536,2459249897174,7,222,5182055077802673824261750111383891794649178354375729044640512664081,False,22,12,55787,45533,True
size-6_16_2199023255552_to_4398046511104.txt,2947,65536,3216374575128,29,237,153768446290480257633963767185063886625769307122193008893987765598086151,False,24,12,60041,49787,True
size-6_16_2199023255552_to_4398046511104.txt,2998,65536,2356366427771,4,219,717764023913695005416457235062058215882502194816113744311052220191,False,23,13,65089,43117,True
size-6_16_2199023255552_to_4398046511104.txt,3019,65536,2803859020208,17,236,67484579019802666199798158601756062307090439078598611987929791062014449,False,24,13,48809,65213,True
size-6_16_2199023255552_to_4398046511104.txt,3041,65536,3389045515533,34,237,210441753929094470981738582742008843551603421727590789104102926094242049,False,25,14,61291,26417,True
size-6_16_2199023255552_to_4398046511104.txt,3053,65536,2287830041520,2,211,1841120895396198581557263292592796455924730988310123694821833361,False,23,10,37243,64283,True
size-6_16_2199023255552_to_4398046511104.txt,3058,65536,2872780330000,19,221,2356889592029197639732795292062518623307505684450062105736297719751,False,22,10,40177,42169,True
size-6_16_2199023255552_to_4398046511104.txt,3098,65536,2529190499176,9,219,444451818662322211046125500211698465036818636289642043878824429567,False,21,11,60589,39709,True
size-6_16_2199023255552_to_4398046511104.txt,3099,65536,3836926329250,47,215,49142540340036921980392175246960656371452899273247499912843242401,False,22,11,30697,42197,True
size-6_16_2199023255552_to_4398046511104.txt,3103,65536,4215333802107,58,235,28859949427470100360196183147538544029111260498975401021261336662281951,False,19,24,7949,57653,True
size-6_16_2199023255552_to_4398046511104.txt,3131,65536,3630738348500,41,215,29410978283048726806156361125555925127405632026047013174788772351,False,23,11,55967,22777,True
size-6_16_2199023255552_to_4398046511104.txt,3139,65536,3699615021373,43,226,60065522313685891784998666121761170069308158805221452987747520346911,False,22,11,39709,40127,True
size-6_16_2199023255552_to_4398046511104.txt,3175,65536,2254073683405,1,234,18216970502941629950089929143013672252454107562708533653362802458319041,False,26,10,55987,46919,True
size-6_16_2199023255552_to_4398046511104.txt,3193,65536,2254172369774,1,218,222770751685593252834471541021154765378075476138101235202103811457,False,22,10,58217,37691,True
size-6_16_2199023255552_to_4398046511104.txt,3251,65536,2357893054341,4,213,7984029551945504213539396595451377081075211481564818594619000831,False,22,12,42433,59123,True
size-6_16_2199023255552_to_4398046511104.txt,3301,65536,3872687097734,48,226,79024272237502121758257759938787435276252128529212959213108341288641,False,24,12,35923,40289,True
size-6_16_2199023255552_to_4398046511104.txt,3329,65536,2840067320515,18,236,72885193526569546764041476318146661587973235172845390396160945247261249,False,23,12,32579,60209,True
size-6_16_2199023255552_to_4398046511104.txt,3349,65536,3804251489406,46,222,5648817258478453965844135441615398029565819348995599574151211384831,False,19,12,57251,28537,True
size-6_16_2199023255552_to_4398046511104.txt,3390,65536,3357065778705,33,237,198804682495017485493995648785526996340302718548596683801285875049776671,False,23,14,49057,48271,True
size-6_16_2199023255552_to_4398046511104.txt,3393,65536,3770133092401,45,222,5351583431659126380645914584476458297216275899165509397737584689799,False,22,13,32789,16069,True
size-6_16_2199023255552_to_4398046511104.txt,3592,65536,3634002716722,41,230,1632010385297626116241749526983190490361024041794851112440403121876167,False,22,12,60013,52583,True
size-6_16_2199023255552_to_4398046511104.txt,3596,65536,2394604357613,5,219,790546351070976128079848021725639646376713502691174432802884391761,False,23,11,65449,16661,True
size-6_16_2199023255552_to_4398046511104.txt,3630,65536,3909628445081,49,215,39535142142588719351255114883232184798525865161040644977316807807,False,19,11,38639,56167,True
size-6_16_2199023255552_to_4398046511104.txt,3643,65536,3289957250041,31,214,14038215924821540473623004330765443235745829431361013280544506911,False,22,10,48619,35897,True
size-6_16_2199023255552_to_4398046511104.txt,3732,65536,2464510754398,7,229,635119912774697334979373428445650160539398914350389956911140250824001,False,22,12,53899,23677,True
size-6_16_2199023255552_to_4398046511104.txt,3765,65536,2499183147983,8,235,33841998827984980315522925471431886312133622767425072370163848313356799,False,23,13,46499,45943,True
size-6_16_2199023255552_to_4398046511104.txt,3774,65536,3290884330496,31,222,5325991073967006160597761145459561408044464908848059986947431921921,False,21,12,60013,42641,True
size-6_16_2199023255552_to_4398046511104.txt,3785,65536,2292635236723,2,219,608883921064193738721623207596326316283537638374057102560050788049,False,22,11,49481,59351,True
size-6_16_2199023255552_to_4398046511104.txt,3806,65536,2464920512806,7,222,5254163306291969641271820347487766203730836673904370871732725532577,False,21,12,61441,31687,True
size-6_16_2199023255552_to_4398046511104.txt,3820,65536,2774890382533,16,236,63407772066546157578794068083015985871812035960518574448238984634090049,False,23,13,38971,13829,True
size-6_16_2199023255552_to_4398046511104.txt,3821,65536,2224196203343,0,234,16815356302063171301655225704741118919624848084071105090098350064521727,False,24,12,33113,37379,True
size-6_16_2199023255552_to_4398046511104.txt,3862,65536,2981587829605,22,229,497848352566925943624864388798369461367594486773929341068254174373361,False,25,12,49103,40693,True
size-6_16_2199023255552_to_4398046511104.txt,3874,65536,2740862945275,15,221,1777659772588790632159630652402414684745049810585238671923815040031,False,22,11,54713,48397,True
size-6_16_2199023255552_to_4398046511104.txt,3935,65536,3464605369617,36,214,19146660408783630982131661231832598160151875278161237412602347297,False,24,10,59627,44983,True
size-6_16_2199023255552_to_4398046511104.txt,3955,65536,4325004996375,61,234,18552015761408537144219481795408012431422186208304964948566716397436801,False,24,13,27103,22027,True
size-6_16_2199023255552_to_4398046511104.txt,4006,65536,2673095194245,13,223,8546191181621891103979739833753667508384045001942634841264281776007,False,20,11,32707,45667,True
size-6_16_2199023255552_to_4398046511104.txt,4048,65536,3086642044493,25,224,20258330815490634023246249963247824300661188044801172740263008043007,False,21,10,52709,27109,True
size-6_16_2199023255552_to_4398046511104.txt,4051,65536,4050584248483,53,218,390102243272691429357198509051718309549270613997846503183726503199,False,23,11,39163,20807,True
size-6_16_2199023255552_to_4398046511104.txt,4061,65536,2707852893247,14,223,9234990569286743863709375728103394632446146946808811180268686245041,False,22,9,47353,61681,True
size-6_16_2199023255552_to_4398046511104.txt,4072,65536,3706695410704,43,222,4404096630256834069627870253881259772646302140988899054831911592449,False,22,13,59149,26479,True
size-6_16_2199023255552_to_4398046511104.txt,4083,65536,4291684086608,60,234,17710788562125558015307276530374389161155880524097311458269319526737681,False,23,12,65173,53189,True
size-6_16_2199023255552_to_4398046511104.txt,4142,65536,3913705332108,49,215,46139034288640287668741359399696594522565309837964673365184770247,False,20,11,59471,57269,True
size-6_16_2199023255552_to_4398046511104.txt,4162,65536,2260822915214,1,218,226743432024167166897420645013959216220147392491071718632737804721,False,23,10,52711,52999,True
size-6_16_2199023255552_to_4398046511104.txt,4189,65536,3500983326722,37,230,1304823251163609841406459474467989652762771491544919582515549197959167,False,24,12,59207,63863,True
size-6_16_2199023255552_to_4398046511104.txt,4209,65536,3087859087290,25,229,614265709577019186337450738220390651937707087436032808194099346551249,False,20,13,38011,29837,True
size-6_16_2199023255552_to_4398046511104.txt,4226,65536,3191355247223,28,214,13564089913754924336661702101298596488960833040479501589999386961,False,21,10,56473,37649,True
size-6_16_2199023255552_to_4398046511104.txt,4230,65536,3811118260499,46,218,270636882658638601730392022438664262349421613997118317700563130049,False,21,12,64879,44701,True
size-6_16_2199023255552_to_4398046511104.txt,4273,65536,2502803696760,8,222,5757670134337184280172381063644146676342289502197479851067184604449,False,21,11,38167,40039,True
size-6_16_2199023255552_to_4398046511104.txt,4280,65536,2571766351918,10,229,820088048385564441536817940818041164406956109529679478641564735873777,False,24,12,45569,16141,True
size-6_16_2199023255552_to_4398046511104.txt,4313,65536,2365114422741,4,227,124029322394003539511713815146935451247900332425214113006003125219871,False,23,10,36251,39979,True
size-6_16_2199023255552_to_4398046511104.txt,4317,65536,2468607472560,7,227,160370198916419419314612173111699548007798753836354302026932415990897,False,23,14,50839,9619,True
size-6_16_2199023255552_to_4398046511104.txt,4324,65536,3777301580640,45,222,4932026479179954008183181380856484744911201024017358794057078988017,False,20,11,48179,36791,True
size-6_16_2199023255552_to_4398046511104.txt,4340,65536,2709683031255,14,235,54976672915030091882672083933157333640776966939601509039014258419943751,False,26,12,45013,33287,True
size-6_16_2199023255552_to_4398046511104.txt,4385,65536,3157862898802,27,214,15272722613037672676389440332622059754652213987139650560435942641,False,24,10,36587,32719,True
size-6_16_2199023255552_to_4398046511104.txt,4400,65536,2847735796983,18,223,12493502849850151928921386662338553217516269385379204607328130061361,False,22,11,57773,51203,True
size-6_16_2199023255552_to_4398046511104.txt,4405,65536,3812290811498,46,217,142624341082784804280460467242798797334844673844774783405151370657,False,21,11,57529,43481,True
size-6_16_2199023255552_to_4398046511104.txt,4438,65536,3364889058234,33,225,34002476785047123717602990285341656471731646527579070403839868022791,False,24,9,65101,56983,True
size-6_16_2199023255552_to_4398046511104.txt,4447,65536,3020574059464,23,220,1289651499745456399551404051454163199355916605012709721641495760671,False,23,9,53891,53951,True
size-6_16_2199023255552_to_4398046511104.txt,4463,65536,2848140432981,18,217,132505133198253738256709579347473883625339125041632913219151643521,False,23,11,31319,21739,True
size-6_16_2199023255552_to_4398046511104.txt,4559,65536,2401259157030,5,213,8906595337566374042770860776144930494397966707639132205129379967,False,22,11,50777,21961,True
size-6_16_2199023255552_to_4398046511104.txt,4589,65536,3124780350981,26,237,129295816744186585982791876222518812359464387771618949221997108113558017,False,24,12,39821,60661,True
size-6_16_2199023255552_to_4398046511104.txt,4602,65536,3710656544405,43,223,10945340508751526257140395741775057402698407418436479202786928249799,False,22,12,65269,37409,True
size-6_16_2199023255552_to_4398046511104.txt,4605,65536,2780604594757,16,223,10827332393474006063803123934668101142984066831359645642211133804551,False,22,11,64451,40739,True
size-6_16_2199023255552_to_4398046511104.txt,4618,65536,3159757898650,27,217,161899836433200147486467771736588200585499005485531030163346831041,False,21,12,28549,47857,True
size-6_16_2199023255552_to_4398046511104.txt,4630,65536,2746342885650,15,230,1216185932697699604262519290025304629521694112224523033970959346286111,False,23,11,61553,36383,True
size-6_16_2199023255552_to_4398046511104.txt,4664,65536,2299245065755,2,234,20520081552849936279110180708122818544575292213467806562806924420617201,False,23,11,37619,47843,True
size-6_16_2199023255552_to_4398046511104.txt,4683,65536,3297819896296,31,228,331467033433585019173961843424911340867539508351954900310592947754201,False,23,23,56983,41161,True
size-6_16_2199023255552_to_4398046511104.txt,4702,65536,3160609258972,27,221,2518276511636481301814211175279383278045819112035440113919501273313,False,21,22,58889,55541,True
size-6_16_2199023255552_to_4398046511104.txt,4713,65536,2437357662272,6,215,52045104616094488680001043707842610584193827818781677423387754097,False,25,11,55897,39989,True
size-6_16_2199023255552_to_4398046511104.txt,4724,65536,2678769421863,13,223,8655617376972776854175663631039914671846656201867874088544149095777,False,23,11,53891,54973,True
size-6_16_2199023255552_to_4398046511104.txt,4734,65536,3126409984705,26,224,21875683301424149576967868427970402665311809446569205571863644434401,False,23,14,38083,36739,True
size-6_16_2199023255552_to_4398046511104.txt,4835,65536,2473671985755,7,235,31821464856738267079951917978785945448727059253645284464153799573809201,False,24,12,35671,36587,True
size-6_16_2199023255552_to_4398046511104.txt,4847,65536,2233281946883,0,234,17231728170392936585117560022625023109698910309767544111411370725781249,False,22,12,45523,32341,True
size-6_16_4398046511104_to_8796093022208.txt,44,65536,6872810761823,36,244,14637732961337664473365348661047945211206387841392837653572152974697395487,False,25,10,59333,54409,True
size-6_16_4398046511104_to_8796093022208.txt,60,65536,5773482303127,20,230,867587101964242915582483493581819379827890410579258622722617975682449,False,24,10,52807,63499,True
size-6_16_4398046511104_to_8796093022208.txt,75,65536,7079551363917,39,224,20481321894709014046826131913399057138897391591409521405611411758207,False,20,11,56923,44249,True
size-6_16_4398046511104_to_8796093022208.txt,78,65536,6323688835100,28,219,821036958911080916073886593653937908735635408623693234238681040711,False,23,10,63689,28949,True
size-6_16_4398046511104_to_8796093022208.txt,92,65536,5224392963437,12,221,3307794922124000336878146173301620235648812860697469100024122393377,False,20,12,58997,21503,True
size-6_16_4398046511104_to_8796093022208.txt,94,65536,6873740224440,36,236,74742930669344848663539627748298291291839967251429315932065043991560199,False,24,12,51349,25111,True
size-6_16_4398046511104_to_8796093022208.txt,232,65536,5158296819134,11,220,1663835563717207537177224401919005195804238524215103298962684971007,False,25,12,64381,8807,True
size-6_16_4398046511104_to_8796093022208.txt,294,65536,5296986520345,13,241,3067896543284314978888214739858950531357649096041877991472099379106374407,False,25,10,48761,56843,True
size-6_16_4398046511104_to_8796093022208.txt,319,65536,4472601879137,1,227,187519961321766754604449778765712809098707523889431569078843881676737,False,21,11,62869,46679,True
size-6_16_4398046511104_to_8796093022208.txt,326,65536,5297556340531,13,229,517773189192080827145519387085090963822659912380678569775291352429767,False,24,10,55201,43261,True
size-6_16_4398046511104_to_8796093022208.txt,330,65536,5366415913254,14,229,559489609854456661617191914347147068942791758506233255882902252601249,False,21,14,63377,2503,True
size-6_16_4398046511104_to_8796093022208.txt,345,65536,7428617610901,44,239,864473651299206418063240015212572979049090277121729518521121505095907329,False,15,26,25997,51109,True
size-6_16_4398046511104_to_8796093022208.txt,365,65536,5023423160033,9,228,376430352502302675615052132307215529491643255968735796393975696008001,False,22,11,48337,33619,True
size-6_16_4398046511104_to_8796093022208.txt,395,65536,7979846253245,52,230,1082659450446468732364338868489790256213940781174643283116778259714497,False,25,10,50857,56503,True
size-6_16_4398046511104_to_8796093022208.txt,416,65536,7842694643974,50,224,20552481540619657336256836397846676867994865481123459679893111401249,False,22,12,34127,19919,True
size-6_16_4398046511104_to_8796093022208.txt,417,65536,8392621816614,58,223,9494067183731189770127201443073606434349436966953677185606996231281,False,21,11,37907,54497,True
size-6_16_4398046511104_to_8796093022208.txt,468,65536,5163084088426,11,233,13423526409806815058930567341804416319629757127905848067333659357359521,False,27,11,36457,56431,True
size-6_16_4398046511104_to_8796093022208.txt,475,65536,4475753772560,1,221,2190121448442189183757392568392124888443139504610315004374768592671,False,22,10,53353,29717,True
size-6_16_4398046511104_to_8796093022208.txt,483,65536,7019241662615,38,227,203084419637216145250647831674263827368137932190107579465080368966727,False,24,14,55501,4483,True
size-6_16_4398046511104_to_8796093022208.txt,488,65536,8394284284610,58,238,247921089080976920074523693355366809469633543522077562929945274909097087,False,23,10,54449,60661,True
size-6_16_4398046511104_to_8796093022208.txt,496,65536,6057273328200,24,226,83868420589409383953661227997648400043817302267045979021845774888991,False,23,11,41189,30241,True
size-6_16_4398046511104_to_8796093022208.txt,581,65536,4684028321211,4,221,2621690265933601524062804993833824151205920807058518470484778844671,False,23,10,57781,53591,True
size-6_16_4398046511104_to_8796093022208.txt,590,65536,8533928538520,60,233,9048572370956565849315477769234361105031448217216301184759297647780481,False,22,10,52583,34141,True
size-6_16_4398046511104_to_8796093022208.txt,611,65536,6403312007691,29,243,9574045479257164115366861305729433240208896943051211528472031563326497281,False,26,13,62207,18859,True
size-6_16_4398046511104_to_8796093022208.txt,619,65536,5165966294832,11,233,13468549974340380056595630373746791029536761803677288748943105560999217,False,24,11,59669,53267,True
size-6_16_4398046511104_to_8796093022208.txt,665,65536,5235854452794,12,225,38394374983577015356568601405749654401629520284642501309341957747537,False,24,12,40829,37273,True
size-6_16_4398046511104_to_8796093022208.txt,668,65536,5373404033620,14,218,370726662207181179025128268498332421021282271981285449176139537799,False,22,13,46271,21499,True
size-6_16_4398046511104_to_8796093022208.txt,713,65536,7367750934012,43,221,2463578788228054982610919061387065771696110840675469262093031337087,False,22,11,35327,37643,True
size-6_16_4398046511104_to_8796093022208.txt,735,65536,6406029043722,29,223,11242346878064834578115310967316263195107470552836163018861010255871,False,23,10,61363,29863,True
size-6_16_4398046511104_to_8796093022208.txt,740,65536,5374763611753,14,241,3348294989830264103916692411654552132783463257970389188882533395775529351,False,23,13,48539,49739,True
size-6_16_4398046511104_to_8796093022208.txt,757,65536,5031366992201,9,225,30231394960990069826133261781974728824967444671690531790097470972449,False,25,11,41761,23753,True
size-6_16_4398046511104_to_8796093022208.txt,772,65536,6200532017439,26,220,1543974435416867720378970761915394555291859735059178578654692941921,False,23,11,59863,58631,True
size-6_16_4398046511104_to_8796093022208.txt,786,65536,6407004342145,29,243,9607217291797347966419524503869589723497578651738245525621859885796231167,False,26,12,56239,18523,True
size-6_16_4398046511104_to_8796093022208.txt,825,65536,5307605322753,13,241,3104983018208360470712275218139039985914822165668446202699263297826455551,False,26,12,43613,47837,True
size-6_16_4398046511104_to_8796093022208.txt,840,65536,5170314186755,11,241,2653194648913198538763028808847267222102564753030025033104122760223436801,False,26,13,31489,32029,True
size-6_16_4398046511104_to_8796093022208.txt,856,65536,4414269911296,0,232,5242817496383674574401132163255073765821565932639529167424827317810049,False,23,12,42181,35423,True
size-6_16_4398046511104_to_8796093022208.txt,870,65536,6271013602593,27,230,1424664196459761494034479191134918780704634013009763425305969415600897,False,22,12,35111,39301,True
size-6_16_4398046511104_to_8796093022208.txt,883,65536,4964835728160,8,226,62799188073741418447475572229378849334332627204666134786092213870001,False,24,9,43037,54721,True
size-6_16_4398046511104_to_8796093022208.txt,896,65536,5996439273363,23,230,1089047174354658054892964279547894016516762897615678003189354121200927,False,21,12,49207,39569,True
size-6_16_4398046511104_to_8796093022208.txt,898,65536,6340389844954,28,230,1521884954226207661666806590944285196352900235409485056135277057744199,False,22,13,25799,56443,True
size-6_16_4398046511104_to_8796093022208.txt,914,65536,5515543688963,16,229,659501863865266391054201433264555989470565394322076005940437956108287,False,20,13,60077,14831,True
size-6_16_4398046511104_to_8796093022208.txt,984,65536,5516694798808,16,219,765843670190877539686229280784177664213093258201038774912659487297,False,22,11,56369,39877,True
size-6_16_4398046511104_to_8796093022208.txt,1008,65536,6480005484370,30,235,52464274646036956833801461094219848114752558446435216355928120404467527,False,23,13,56489,44101,True
size-6_16_4398046511104_to_8796093022208.txt,1032,65536,8336776793802,57,240,951613221685318257696170630736254510007809219263916675175332935065136199,False,22,13,60607,58049,True
size-6_16_4398046511104_to_8796093022208.txt,1045,65536,5105304866034,10,225,32996835936199339105058722869178041527523908077992194132377988500721,False,21,12,61751,42043,True
size-6_16_4398046511104_to_8796093022208.txt,1081,65536,8750195319488,63,223,12194748916561815998121597110224884802869142041939282143749743787201,False,24,11,33617,21107,True
size-6_16_4398046511104_to_8796093022208.txt,1082,65536,8750263916968,63,240,1272325804836014663059598692879782396029768597761971464904741038419156897,False,26,12,61469,22013,True
size-6_16_4398046511104_to_8796093022208.txt,1085,65536,5656331272597,18,223,8129677695322999498786628983057636753660735624198725741568310032817,False,22,13,33599,10937,True
size-6_16_4398046511104_to_8796093022208.txt,1108,65536,4693971054736,4,233,7579732437484629620927041179150752163605784940051996353557187749215297,False,26,14,53719,46499,True
size-6_16_4398046511104_to_8796093022208.txt,1117,65536,5863266440515,21,222,3588477359076321992894089503240521635707099629203946890229633049799,False,23,11,44417,20051,True
size-6_16_4398046511104_to_8796093022208.txt,1137,65536,8407996796265,58,233,8276396310726241416499188214754528967265308406998174425021434271180449,False,24,13,39623,44189,True
size-6_16_4398046511104_to_8796093022208.txt,1191,65536,8065682601170,53,222,4240368558671561511288239772225353479679638005473881263885018690449,False,21,14,50741,33871,True
size-6_16_4398046511104_to_8796093022208.txt,1206,65536,6965606205884,37,221,3103272330067903351531717421328756775841013668867679928867754927687,False,21,11,57719,36469,True
size-6_16_4398046511104_to_8796093022208.txt,1211,65536,4421551158280,0,240,1037804212338320408752135229343039457053279918935929626325803289993838591,False,29,11,14447,62507,True
size-6_16_4398046511104_to_8796093022208.txt,1212,65536,7378400167632,43,224,26248034854934127552540000761982030247383926845409558517935867942431,False,23,11,65257,54133,True
size-6_16_4398046511104_to_8796093022208.txt,1220,65536,6141131530561,25,243,7450027891859047820442076839276639159568099550403822508033476548120719871,False,24,13,38449,51767,True
size-6_16_4398046511104_to_8796093022208.txt,1226,65536,5453633404596,15,220,1222343208284050499969498883830371502150281446863933055572668765471,False,24,12,51287,18439,True
size-6_16_4398046511104_to_8796093022208.txt,1277,65536,4973091929122,8,233,10719397020510440115193519844159703822983888771554392111804349834925087,False,23,12,46831,33911,True
size-6_16_4398046511104_to_8796093022208.txt,1296,65536,6280124867133,27,230,1437128911347756261098506624525549008073857515073224035273519515744031,False,26,12,36607,51419,True
size-6_16_4398046511104_to_8796093022208.txt,1310,65536,5317777962915,13,241,3140860901328858137745749763757647125896630792418446780457391810073092449,False,23,14,60251,58369,True
size-6_16_4398046511104_to_8796093022208.txt,1334,65536,8619114389685,61,226,101774780659525531412412364728729447540299107423815264202044163655681,False,24,11,54773,42463,True
size-6_16_4398046511104_to_8796093022208.txt,1352,65536,8206981566224,55,225,49707773278485872326296674627180996914695903107670868946354544829567,False,22,11,58831,31051,True
size-6_16_4398046511104_to_8796093022208.txt,1353,65536,4837034302064,6,220,1131220935062324310148227589766091827463744894965324069449783372657,False,20,11,51817,40193,True
size-6_16_4398046511104_to_8796093022208.txt,1385,65536,5112827919485,10,219,829935942975952213584096862703923657173743277843613687502734608449,False,21,12,25343,49669,True
size-6_16_4398046511104_to_8796093022208.txt,1460,65536,4770310493656,5,219,547466315259092923902518562990681872169383101389868274810500364449,False,22,10,42437,43607,True
size-6_16_4398046511104_to_8796093022208.txt,1467,65536,8553353792144,60,223,10638612623514659079120212651145235102307855303713086479362944960049,False,23,11,20333,31649,True
size-6_16_4398046511104_to_8796093022208.txt,1523,65536,8072978772351,53,245,38447700171309156655677563404696315021690020526880534189836073848284807199,False,25,11,52919,28871,True
size-6_16_4398046511104_to_8796093022208.txt,1597,65536,5461139977205,15,229,621420967779302732096464518476269767928136935313125150394303217646151,False,22,14,42337,56377,True
size-6_16_4398046511104_to_8796093022208.txt,1616,65536,4979929290974,8,220,1347136144187811850391144860303854122594379937987015521424116979999,False,24,10,53381,55243,True
size-6_16_4398046511104_to_8796093022208.txt,1625,65536,4911300225051,7,222,3483719716924366564033828026790082526866396036823906330660843721607,False,21,12,55807,33529,True
size-6_16_4398046511104_to_8796093022208.txt,1674,65536,8145443155332,54,239,827865390161229151687093774812094004248011495154480904586517407519794311,False,23,11,37643,19739,True
size-6_16_4398046511104_to_8796093022208.txt,1714,65536,7389288111800,43,221,2090043657830153498964781931841156127363250649230339004607012428481,False,25,11,40241,42323,True
size-6_16_4398046511104_to_8796093022208.txt,1735,65536,7664699101172,47,239,574701173778976848695266110775341871094622006462981669226385921181508231,False,23,12,61673,29473,True
size-6_16_4398046511104_to_8796093022208.txt,1812,65536,4639409221067,3,221,2475371553557741907625409210581579958846422751849872329842733253201,False,23,11,23027,21557,True
size-6_16_4398046511104_to_8796093022208.txt,1826,65536,6566623265515,31,224,19902925348678198116472448201093070280053831508349586414834099897697,False,23,13,63913,2711,True
size-6_16_4398046511104_to_8796093022208.txt,1827,65536,4846682358430,6,218,352154892271356657095009561677507930791728448172742062898439046897,False,21,10,41597,42139,True
size-6_16_4398046511104_to_8796093022208.txt,1852,65536,5328780506931,13,229,536355878681392128461273147350363834355177635602745981802826572950727,False,23,13,63857,23371,True
size-6_16_4398046511104_to_8796093022208.txt,1893,65536,5054480520885,9,233,11816003074787738535095705477572985347504666550561496859316837283057607,False,24,10,56197,41641,True
size-6_16_4398046511104_to_8796093022208.txt,1899,65536,4435068152648,0,240,1056986136438559892957246583576683966981638013318892547382296710059504767,False,22,14,63113,57809,True
size-6_16_4398046511104_to_8796093022208.txt,1903,65536,5329815239808,13,241,3183760786340977958971977409989753389108949572897393935277533820058944449,False,25,12,31607,37853,True
size-6_16_4398046511104_to_8796093022208.txt,2033,65536,5401139367496,14,234,17592345039517659006159980082260843419332851089886351925947756512288799,False,24,14,36599,33191,True
size-6_16_4398046511104_to_8796093022208.txt,2081,65536,5814387355931,20,223,9591534097313748438981693683608915027428375281815084679863154252551,False,23,12,54001,25733,True
size-6_16_4398046511104_to_8796093022208.txt,2172,65536,7605829943295,46,244,26887298520521126569051839696691509071904891769578429550712110281526652447,False,24,15,61283,12647,True
size-6_16_4398046511104_to_8796093022208.txt,2251,65536,6781477697051,34,243,13508699167851791295336262795926011869699170305069021403381696000902616049,False,27,13,59557,18121,True
size-6_16_4398046511104_to_8796093022208.txt,2279,65536,4993638994983,8,235,43951558525140556120758901189483634882509112329737582478559440822244881,False,24,11,51829,49333,True
size-6_16_4398046511104_to_8796093022208.txt,2285,65536,5200181691435,11,222,4908800873643511628198969193332469016276834170699848844611343316081,False,23,12,53089,15137,True
size-6_16_4398046511104_to_8796093022208.txt,2381,65536,5821269571006,20,221,1807939041237049360135593290993843506605157805737332779369761244999,False,23,13,60257,17389,True
size-6_16_4398046511104_to_8796093022208.txt,2385,65536,5271039471131,12,226,89929532908308760283371186331667429536374266739539716690745627387007,False,22,11,49537,19979,True
size-6_16_4398046511104_to_8796093022208.txt,2388,65536,8092493218280,53,237,199024021299503659685460824486415041683723330429409886626881980307339391,False,25,12,51061,53407,True
size-6_16_4398046511104_to_8796093022208.txt,2416,65536,5753459222992,19,234,25703109639460936028243242908320713724029052275574433004204981336909921,False,25,10,53077,27437,True
size-6_16_4398046511104_to_8796093022208.txt,2421,65536,6235632207163,26,243,8164892153326959062404967859024220212323664942436714278199010509450341521,False,24,14,36943,32611,True
size-6_16_4398046511104_to_8796093022208.txt,2425,65536,4583368087848,2,219,818805686547530360964343694340673712030829579042364490173539797791,False,23,9,58889,35117,True
size-6_16_4398046511104_to_8796093022208.txt,2465,65536,7336593920664,42,224,13773341644468171117953272451214220033955005852610828672237773739847,False,19,10,59513,12373,True
size-6_16_4398046511104_to_8796093022208.txt,2506,65536,6305980898200,27,227,117181246829996419371020293326678855778625398725640290034274586571681,False,24,12,32213,42017,True
size-6_16_4398046511104_to_8796093022208.txt,2554,65536,4654122521724,3,224,18939524964626045451362432558416322091848147685008375215936830297031,False,21,11,62743,35117,True
size-6_16_4398046511104_to_8796093022208.txt,2555,65536,5962711390896,22,219,497545867831044125788755439772957304771771442052350772832557303807,False,24,11,56101,9871,True
size-6_16_4398046511104_to_8796093022208.txt,2570,65536,5687695484730,18,234,23989955993776510863283570026128687683242227474525700446079792863500561,False,23,13,64849,26171,True
size-6_16_4398046511104_to_8796093022208.txt,2579,65536,7545997747803,45,244,25642923162907047196515715407873811148901471176949324955601428349577126961,False,25,12,49919,53419,True
size-6_16_4398046511104_to_8796093022208.txt,2589,65536,8578612041755,60,226,98938762610522235534892266633397944630148047982338084389724432644999,False,23,13,64399,50263,True
size-6_16_4398046511104_to_8796093022208.txt,2629,65536,5413588443935,14,223,6857763416369366819051140125445704776142257733425154548885297057521,False,21,10,59167,57859,True
size-6_16_4398046511104_to_8796093022208.txt,2678,65536,7340988308045,42,232,3666175471534404154257179795821562218421520506597986168686281084141567,False,23,9,57593,28163,True
size-6_16_4398046511104_to_8796093022208.txt,2699,65536,5621500918253,17,229,739264359185938636209751302562116352602420721375332768981923696719999,False,23,13,53857,52553,True
size-6_16_4398046511104_to_8796093022208.txt,2702,65536,5346306735290,13,229,547027658551253903913741317433552357890279353949059904908996995888647,False,23,9,61417,63697,True
size-6_16_4398046511104_to_8796093022208.txt,2715,65536,4864583539541,6,241,1840524060448578723543466926900948773874001045358638442298768203141633041,False,24,13,55103,19709,True
size-6_16_4398046511104_to_8796093022208.txt,2721,65536,8375003999512,57,233,8083439493374343048555975731141057115884875267325535000864206189398087,False,25,10,35129,29101,True
size-6_16_4398046511104_to_8796093022208.txt,2727,65536,8099851648203,53,232,6615283204254376999743904943778941718340040109491789021952371364216199,False,24,13,20897,27253,True
size-6_16_4398046511104_to_8796093022208.txt,2731,65536,7686205892645,47,237,146111202608650261660802393720065729227084393514039430949027845526329857,False,26,11,30391,57149,True
size-6_16_4398046511104_to_8796093022208.txt,2767,65536,4934470918263,7,228,338165747180592216495052843322446460299489791680691727747254931863217,False,23,14,58613,27271,True
size-6_16_4398046511104_to_8796093022208.txt,2806,65536,5417165014450,14,236,71631461731395467649696980897108399610346535534277124445609517425568031,False,23,11,56857,56101,True
size-6_16_4398046511104_to_8796093022208.txt,2846,65536,6450742923443,29,243,10007507202672712862865993507458919561552230427564176717331132900782025137,False,24,12,46261,61981,True
size-6_16_4398046511104_to_8796093022208.txt,2860,65536,5556038021605,16,220,1366686081218117453426310949662842196038269312960320111460715594527,False,24,10,29179,25913,True
size-6_16_4398046511104_to_8796093022208.txt,2880,65536,4660421574625,3,240,1423045309181272181739059697819075744219108168876236979376583721538228351,False,28,10,46183,45131,True
size-6_16_4398046511104_to_8796093022208.txt,2881,65536,6382725367535,28,224,18420780578991339210801072374988962816846450647438107939447413840401,False,22,11,49117,53279,True
size-6_16_4398046511104_to_8796093022208.txt,2955,65536,6590243677787,31,224,20336356511018541190291774936293357716697665848045603465442042913799,False,22,12,57571,55633,True
size-6_16_4398046511104_to_8796093022208.txt,3023,65536,5490608752163,15,229,641813785812696698859353802938905732477114258743171815037756614907007,False,22,12,58567,51461,True
size-6_16_4398046511104_to_8796093022208.txt,3091,65536,7005259990333,37,231,2768417603328433486224977318872840407670368438107868651114916033186591,False,24,9,60493,62873,True
size-6_16_4398046511104_to_8796093022208.txt,3095,65536,6387061913711,28,243,9429187242429439150888768234371862299524744739134636092011237329297634431,False,25,10,56711,17351,True
size-6_16_4398046511104_to_8796093022208.txt,3110,65536,6731182689033,33,231,2178885053971070300256778876069105544232026114429601194654482060523201,False,24,13,61471,35027,True
size-6_16_4398046511104_to_8796093022208.txt,3166,65536,4735790921930,4,233,7994044404901798379757516939032435884493671275130371019663582934903281,False,24,11,62011,38669,True
size-6_16_4398046511104_to_8796093022208.txt,3174,65536,4873930034480,6,241,1861843817622855628888011865843433194122782802359581340860599464211574961,False,25,14,56401,17713,True
size-6_16_4398046511104_to_8796093022208.txt,3235,65536,7146016223126,39,231,3119392618353855665683497715035001234679925829219141470527485255353937,False,25,13,32191,62639,True
size-6_16_4398046511104_to_8796093022208.txt,3286,65536,5015747279103,8,235,45132074974138242436510888715685756686739350852249710123764073480168199,False,27,14,39233,36191,True
size-6_16_4398046511104_to_8796093022208.txt,3297,65536,4740920521625,4,240,1577043061146847742178206395474094752628538178497516637877846617571910151,False,23,11,58567,40387,True
size-6_16_8796093022208_to_17592186044416.txt,9,65536,12782170239735,29,233,7405647252547022818608307478835934884512627618505183864009152704945951,False,22,12,64901,11941,True
size-6_16_8796093022208_to_17592186044416.txt,12,65536,12095071107391,24,244,16104761404729929832349201489714982662260788323319915314921442492775398649,False,15,25,35521,46819,True
size-6_16_8796093022208_to_17592186044416.txt,28,65536,11821356116571,22,248,379028011536790989494268960071879370093230947564561606599730279353649072177,False,22,13,49463,58013,True
size-6_16_8796093022208_to_17592186044416.txt,37,65536,12096699660335,24,226,85127085945526340644430317890146211559314946884734647877007262252049,False,22,15,45631,46679,True
size-6_16_8796093022208_to_17592186044416.txt,56,65536,9486407985301,5,239,516442795925750802067053924190885794599754249184627968745867567633158271,False,25,11,53239,32579,True
size-6_16_8796093022208_to_17592186044416.txt,76,65536,8799830684207,0,227,126507704750911775708827176115548089445678216498432752305704496512049,False,23,10,41681,36191,True
size-6_16_8796093022208_to_17592186044416.txt,89,65536,13061439823095,31,249,689626317720843443357173362554274730829464596437009237708851135125761299207,False,23,13,38119,8753,True
size-6_16_8796093022208_to_17592186044416.txt,153,65536,12652563586093,28,249,569821294360403831874896917985662452668924559378780827893929963652083833377,False,25,12,59399,24419,True
size-6_16_8796093022208_to_17592186044416.txt,167,65536,14440449132447,41,244,25701331885457615065166457711720125356832979095134381810531718602278968711,False,23,13,45139,49307,True
size-6_16_8796093022208_to_17592186044416.txt,192,65536,9493105643086,5,223,9397008939050758625761300249168168744962738305535625253038460489521,False,24,11,52817,27817,True
size-6_16_8796093022208_to_17592186044416.txt,205,65536,10868380710811,15,228,409122501266097005047807772312628866092249390247511735177942973858631,False,25,11,20477,30187,True
size-6_16_8796093022208_to_17592186044416.txt,229,65536,11419809759904,19,232,4133285689303011221347689492043271576571659614819046326582282507494049,False,22,12,62017,22271,True
size-6_16_8796093022208_to_17592186044416.txt,235,65536,9633334735835,6,231,3351078760387944368807274907679709873610544984585230811134136757473791,False,24,10,36583,40879,True
size-6_16_8796093022208_to_17592186044416.txt,246,65536,12521012597063,27,236,90265702844810156837203263560859002179720476156803361163584263205026497,False,22,11,56333,44171,True
size-6_16_8796093022208_to_17592186044416.txt,254,65536,16232865719280,54,245,51861204620111765345162555874545207052797331236405747431826476011487106801,False,24,11,49711,28751,True
size-6_16_8796093022208_to_17592186044416.txt,259,65536,14446355000032,41,230,1478676797750395543939023787678814095350790578032935766704966305250001,False,23,13,31189,62597,True
size-6_16_8796093022208_to_17592186044416.txt,264,65536,15409136836170,48,231,2177676837897943342500465179405924309111445718504582947904251997969951,False,24,11,64919,54287,True
size-6_16_8796093022208_to_17592186044416.txt,270,65536,10322976579743,11,247,168072691850278479131936871357617196728573559341678603164819250601344449567,False,27,11,31481,64283,True
size-6_16_8796093022208_to_17592186044416.txt,272,65536,13622350452584,35,233,10850449513831988664775268949090083502012251756973829345997194468558847,False,22,13,54497,8011,True
size-6_16_8796093022208_to_17592186044416.txt,284,65536,12110828261912,24,241,2235910966616370518176898511902867992953443016467477007333030695955279751,False,25,11,48023,53699,True
size-6_16_8796093022208_to_17592186044416.txt,290,65536,10049323800712,9,239,729848083080373912752550427077118497621653557570932851459938366060535071,False,27,13,60149,57791,True
size-6_16_8796093022208_to_17592186044416.txt,303,65536,8812545447095,0,246,65054257107919869228156190129234488328542421566969297958658124190710352007,False,25,13,20021,40151,True
size-6_16_8796093022208_to_17592186044416.txt,327,65536,11701632072504,21,236,60140174731204654483414696864132423464249034497595048558517153631281249,False,21,13,61717,16603,True
size-6_16_8796093022208_to_17592186044416.txt,332,65536,13488924011403,34,249,836625990690763432669655256584699495062146701623417539979148300956114231681,False,25,12,19777,53551,True
size-6_16_8796093022208_to_17592186044416.txt,348,65536,9365569187856,4,246,93728693388111320111779045458238111479435904326154661990561915496920406017,False,27,11,40177,64693,True
size-6_16_8796093022208_to_17592186044416.txt,366,65536,10191655726135,10,247,155645286158492299503369845330426542956311385802522809572633398085348077447,False,27,12,51263,57727,True
size-6_16_8796093022208_to_17592186044416.txt,463,65536,11434786499430,19,242,6336359143418307952320372103641566771007931841441779676510102254929041041,False,23,11,62653,23801,True
size-6_16_8796093022208_to_17592186044416.txt,465,65536,10059987835904,9,231,1760030406643167132404112297219463507156735612046461015561816290370049,False,24,13,28297,29059,True
size-6_16_8796093022208_to_17592186044416.txt,469,65536,12809965379315,29,234,18527314070262637428590964942602390107837219905744079692170030601369617,False,20,14,45121,25633,True
size-6_16_8796093022208_to_17592186044416.txt,511,65536,13224728720440,32,233,9083559595473997965031969012996573405523114777570915836098549735816647,False,21,11,53113,64879,True
size-6_16_8796093022208_to_17592186044416.txt,531,65536,13088259578221,31,249,698166332280645940623274831309760900195045459116093713456125940581329036897,False,27,10,14639,61981,True
size-6_16_8796093022208_to_17592186044416.txt,536,65536,9788815929235,7,234,20609479582161562838400286222758064402892497370442929109481146445513799,False,23,12,35897,25981,True
size-6_16_8796093022208_to_17592186044416.txt,563,65536,12815540287578,29,243,12557203861987496549942405974799164743658846608202288504963465590670056199,False,27,14,59369,26053,True
size-6_16_8796093022208_to_17592186044416.txt,607,65536,11855559534723,22,228,245247599438926138256965308746920428694946250026004962848420492862791,False,23,11,43691,60899,True
size-6_16_8796093022208_to_17592186044416.txt,657,65536,9244655038011,3,246,86698536162399508693106832074110516589548460939717759212714211431595341201,False,27,13,63803,31963,True
size-6_16_8796093022208_to_17592186044416.txt,671,65536,14471747869393,41,250,1275831817663890839315342410417011670728299385872000523766113582093962642207,False,22,15,57947,47407,True
size-6_16_8796093022208_to_17592186044416.txt,714,65536,11999271606355,23,236,69922243751678439744608077128466147306493226641226997622335186436559391,False,23,10,47969,48563,True
size-6_16_8796093022208_to_17592186044416.txt,737,65536,17363195449303,62,252,3805795314483937918607581735112938208296286595506159049757807322724153501511,False,26,13,54217,60133,True
size-6_16_8796093022208_to_17592186044416.txt,759,65536,12277738336851,25,249,475748846885777219898842674558415641445873837264719433443221478235973026449,False,22,12,58657,47057,True
size-6_16_8796093022208_to_17592186044416.txt,777,65536,9252794928291,3,231,2631251429066591750815102317396155522916961881171099908932035108464449,False,24,12,40099,24077,True
size-6_16_8796093022208_to_17592186044416.txt,782,65536,9391390785640,4,230,1164970455648804089764046478812697473133905502871330660357556580384767,False,23,12,44963,19181,True
size-6_16_8796093022208_to_17592186044416.txt,791,65536,11042646354806,16,235,42474183287741370814908953794651921944556666526546979393274161996875377,False,24,12,18713,51853,True
size-6_16_8796093022208_to_17592186044416.txt,814,65536,11180983615568,17,227,172564913049087724487485633145059805464061557968906015287288976916481,False,22,10,53507,56941,True
size-6_16_8796093022208_to_17592186044416.txt,857,65536,11871480791438,22,243,7934156970574115188266633099430392775455417102870467813409239411274699217,False,26,13,62653,30893,True
size-6_16_8796093022208_to_17592186044416.txt,864,65536,9395781054413,4,231,2884842157278158831234356535124108475419824667795865318405116733615841,False,25,12,40519,17921,True
size-6_16_8796093022208_to_17592186044416.txt,892,65536,12011316376370,23,225,46248800921451000553433507219998829671527369218522013128858324640049,False,21,11,41341,55291,True
size-6_16_8796093022208_to_17592186044416.txt,970,65536,16417007573136,55,243,13873160904470616963405252080850543226260298648134449748999676612260565057,False,26,12,51239,57653,True
size-6_16_8796093022208_to_17592186044416.txt,990,65536,14356854322885,40,231,2173802429901734629175890446040813089574081120588249744355324296757791,False,24,11,54851,34213,True
size-6_16_8796093022208_to_17592186044416.txt,1082,65536,9271539336990,3,241,1800455928156549414210050005322806777609649510995679065058618169885512449,False,23,14,55829,6949,True
size-6_16_8796093022208_to_17592186044416.txt,1170,65536,11891747538736,22,241,2003943698350597413090199174699340618079377426381554535665438828892014897,False,22,13,50023,47903,True
size-6_16_8796093022208_to_17592186044416.txt,1178,65536,14918667934310,44,230,973761757942045839208183122441774300946876739941761153635687094773297,False,24,11,38273,51361,True
size-6_16_8796093022208_to_17592186044416.txt,1271,65536,9835301568560,7,232,3795341086874491142566207217830283126298960710390264420420010714857471,False,23,11,39097,51257,True
size-6_16_8796093022208_to_17592186044416.txt,1289,65536,16027023872378,52,245,48038421277345319176603019934134043818059661528831993396885551963729705799,False,23,14,62927,54293,True
size-6_16_8796093022208_to_17592186044416.txt,1312,65536,14791388112732,43,245,29684177498393566784421991218320506088847086591486410642072888999893996031,False,27,12,59159,37189,True
size-6_16_8796093022208_to_17592186044416.txt,1327,65536,12177814783078,24,226,88609965075549353267323189922385430007258782627464866862677085558449,False,21,14,61757,37501,True
size-6_16_8796093022208_to_17592186044416.txt,1341,65536,11079307427123,16,233,7755332230532629746875596358969108041132959171396814709612154435048049,False,23,14,38917,12101,True
size-6_16_8796093022208_to_17592186044416.txt,1351,65536,17545941442175,63,252,4052542305297017561339806731548681511679620389466842150492505322585719843871,False,28,13,35291,29717,True
size-6_16_8796093022208_to_17592186044416.txt,1357,65536,13418236835245,33,230,949502864335690682128255497002297468243861209646320237518641938516081,False,26,10,56443,37831,True
size-6_16_8796093022208_to_17592186044416.txt,1371,65536,9014015162848,1,233,12565962487163391398987536468901721742183499657862439349739762053156081,False,24,11,53719,51517,True
size-6_16_8796093022208_to_17592186044416.txt,1389,65536,10393319816181,11,228,312888827380828126490931350583822580457541077249009928394001787728401,False,24,10,58603,49367,True
size-6_16_8796093022208_to_17592186044416.txt,1496,65536,17003071932026,59,244,17122839463106644216393671495518950516047168417077923770513695115624735601,False,26,13,44987,33931,True
size-6_16_8796093022208_to_17592186044416.txt,1505,65536,15354064777771,47,235,54936999875781417180906626679475627175806507197840351977529240876525191,False,21,12,50777,41737,True
size-6_16_8796093022208_to_17592186044416.txt,1525,65536,9022979472705,1,222,5974068608451793408910988566836617572523524929580416013297509584817,False,22,11,27091,37309,True
size-6_16_8796093022208_to_17592186044416.txt,1589,65536,13432718482985,33,233,10947770585294478886368990283962693584787222464369045305023489712728497,False,22,12,55333,19429,True
size-6_16_8796093022208_to_17592186044416.txt,1592,65536,10406299644200,11,240,899889935029682511225429150065010811552017719005924136271659168643090431,False,25,13,50459,51157,True
size-6_16_8796093022208_to_17592186044416.txt,1598,65536,9303454687833,3,246,90060215969641999448755119784057345868440588053163304448612448513219992199,False,26,13,41149,46589,True
size-6_16_8796093022208_to_17592186044416.txt,1605,65536,14811004264581,43,243,7480290671262050401388973675783222039004027158284848195708810189016893537,False,25,12,40823,19801,True
size-6_16_8796093022208_to_17592186044416.txt,1613,65536,11646793230145,20,248,346661566876952564552123000571982405703829521089467517515475136677785440767,False,23,11,56909,31237,True
size-6_16_8796093022208_to_17592186044416.txt,1657,65536,16189037375263,53,251,2500308848507316251249885366398160920822096272556092342867850369650895633951,False,25,15,65029,21377,True
size-6_16_8796093022208_to_17592186044416.txt,1682,65536,11101003246265,16,248,259920708104466075498209001673350048665051847265163830868844659856120124999,False,26,11,40531,42227,True
size-6_16_8796093022208_to_17592186044416.txt,1686,65536,9862577721067,7,228,228458299412007515854039658298538667093711470353055976012117560303201,False,23,10,49787,29383,True
size-6_16_8796093022208_to_17592186044416.txt,1702,65536,13992995074058,37,237,118778001708695387877136452798798988458895059767304990005302143269544349,False,23,25,35407,53441,True
size-6_16_8796093022208_to_17592186044416.txt,1777,65536,10693019986328,13,242,4237148596282053435418704586644256736821414695685764867266044381073502449,False,26,13,56453,55819,True
size-6_16_8796093022208_to_17592186044416.txt,1812,65536,9179476295722,2,238,423954120235932505653096775232141164394733001387326494644241104752623617,False,23,12,65323,42373,True
size-6_16_8796093022208_to_17592186044416.txt,1818,65536,10834220761631,14,247,224622671215270840462614645247835404077452604150790303153817636291492809247,False,23,12,30757,62327,True
size-6_16_8796093022208_to_17592186044416.txt,1862,65536,12074988286305,23,232,5776469947226156590526382329205832372795941114860619307418347425510431,False,23,14,48121,45757,True
size-6_16_8796093022208_to_17592186044416.txt,1922,65536,10151714833293,9,234,25640265120431752916807070412073050255512882571027440658435397366358527,False,21,12,59123,7901,True
size-6_16_8796093022208_to_17592186044416.txt,1950,65536,9463638942571,4,227,178325431686245002990912190115147920156754991848425642354209714640449,False,22,11,26339,26501,True
size-6_16_8796093022208_to_17592186044416.txt,1977,65536,14972881175070,44,228,306124893513977422791756372025087418793056328306931813942118630736241,False,24,10,51307,28571,True
size-6_16_8796093022208_to_17592186044416.txt,1987,65536,15936573653006,51,235,27816671558408022150829182752101693692720506167864444007058586270811249,False,27,13,59863,20063,True
size-6_16_8796093022208_to_17592186044416.txt,2014,65536,11809511422885,21,229,673373298650249725455322494871611409969525866406962795654067095062791,False,24,10,54091,32933,True
size-6_16_8796093022208_to_17592186044416.txt,2035,65536,15940146114063,51,232,4469149348689068587006826405710961257450194980265312105241814575089601,False,23,12,63691,33863,True
size-6_16_8796093022208_to_17592186044416.txt,2036,65536,13738497603658,35,244,19059296990103134703067800286049361274819449126144043992497917686359724871,False,26,12,64171,47137,True
size-6_16_8796093022208_to_17592186044416.txt,2071,65536,15117035767925,45,235,50040837717997744042070885292895774856481796875887562648866218119085511,False,22,14,52567,40009,True
size-6_16_8796093022208_to_17592186044416.txt,2138,65536,9753440178600,6,226,76036020363572339671732299576571097145450846782321227923084893621791,False,25,10,63493,23539,True
size-6_16_8796093022208_to_17592186044416.txt,2171,65536,8932573394360,0,233,11899963047438172213764813525088261453102168173907585129234396127086049,False,22,13,58403,57947,True
